Workbook

Sheet Contadores_Ofic
A1: Region | B1: Nombre Oficina | C1: Codigo de Oficina | D1: Nombre de Host Oficina | E1: DisplayName | F1: Serial | G1: IPv4Address | H1: Contador Mes Anterior | I1: Contador Semana 1 | J1: Contador Final Semana 1 | K1: Contador Semana 2 | L1: Contador Final Semana 2 | M1: Contador Semana 3 | N1: Contador Final Semana 3 | O1: Contador Semana 4 | P1: Contador Final Semana 4 | Q1: Contador Semana 5 | R1: Contador Final Semana 5 | S1: Contador Mensual | T1: Fecha | U1: Observaciones | V1: Status impresora | W1: Estatus Agencia
A2: Metro I | B2: I.E.S.A | C2: 9948 | D2: 9948MFAP01 | E2: Canon iR1025 | F2: DRL37783 | G2: 10.10.13.200 | H2: 46532 | I2: 46573 | J2: =I2-H2 -> 41 | K2: =VLOOKUP(G2,'[1]01-09 al 30-09'!$G:$AA,21,FALSE) -> 46608 | L2: =K2-I2 -> 35 | M2: =VLOOKUP(G2,'[1]01-09 al 30-09'!$G:$AI,29,FALSE) -> 46628 | N2: =M2-K2 -> 20 | O2: =VLOOKUP(G2,'[1]01-09 al 30-09'!$G:$AS,39,FALSE) -> 46668 | P2: =O2-M2 -> 40 | S2: =R2+P2+N2+L2+J2 -> 136 | T2: 46146 | V2: Instalado | W2: =VLOOKUP(C2,'Status oficina'!$A$2:$C$208,3,FALSE) -> Activa
A3: Oriente | B3: Maturin La Cascada | C3: 9503 | D3: 9503MFTQ01 | E3: Canon iR1025 | F3: DRL37786 | G3: 10.10.1.200 | H3: 55906 | I3: 55955 | J3: =I3-H3 -> 49 | K3: 55980 | L3: =K3-I3 -> 25 | M3: =VLOOKUP(G3,'[1]01-09 al 30-09'!$G:$AI,29,FALSE) -> 56025 | N3: =M3-K3 -> 45 | O3: =VLOOKUP(G3,'[1]01-09 al 30-09'!$G:$AS,39,FALSE) -> 56054 | P3: =O3-M3 -> 29 | S3: =R3+P3+N3+L3+J3 -> 148 | T3: 46146 | V3: Instalado | W3: =VLOOKUP(C3,'Status oficina'!$A$2:$C$208,3,FALSE) -> Activa
A4: Occidente | B4: Las Tapias | C4: 9892 | D4: 9892MFTQ01 | E4: Canon iR1025 | F4: DRL37787 | G4: 10.14.7.200 | H4: 146483 | I4: 146584 | J4: =I4-H4 -> 101 | K4: 146867 | L4: =K4-I4 -> 283 | M4: =VLOOKUP(G4,'[1]01-09 al 30-09'!$G:$AI,29,FALSE) -> 146967 | N4: =M4-K4 -> 100 | O4: =VLOOKUP(G4,'[1]01-09 al 30-09'!$G:$AS,39,FALSE) -> 147175 | P4: =O4-M4 -> 208 | S4: =R4+P4+N4+L4+J4 -> 692 | T4: 46146 | V4: Instalado | W4: =VLOOKUP(C4,'Status oficina'!$A$2:$C$208,3,FALSE) -> Activa
A5: Metro I | B5: San Francisco (H) | C5: 9211 | D5: 9211MFGE01 | E5: Canon iR1025 | F5: DRL51898 | G5: 10.11.29.205 | H5: 172355 | I5: 172355 | J5: =I5-H5 -> 0 | K5: 172355 | L5: =K5-I5 -> 0 | M5: =VLOOKUP(G5,'[1]01-09 al 30-09'!$G:$AI,29,FALSE) -> 172355 | N5: =M5-K5 -> 0 | O5: =VLOOKUP(G5,'[1]01-09 al 30-09'!$G:$AS,39,FALSE) -> 172355 | P5: =O5-M5 -> 0 | S5: =R5+P5+N5+L5+J5 -> 0 | T5: 46146 | U5: No se embalo solo para scanear | V5: Pendiente Retiro | W5: =VLOOKUP(C5,'Status oficina'!$A$2:$C$208,3,FALSE) -> Activa
A6: Metro I | B6: Av. Francisco Solano | C6: 9214 | D6: 9214MFCO01 | E6: Canon iR1025 | F6: DRL37936 | G6: 10.10.6.202 | H6: 152288 | I6: 152288 | J6: =I6-H6 -> 0 | K6: 152288 | L6: =K6-I6 -> 0 | M6: =VLOOKUP(G6,'[1]01-09 al 30-09'!$G:$AI,29,FALSE) -> 152288 | N6: =M6-K6 -> 0 | O6: =VLOOKUP(G6,'[1]01-09 al 30-09'!$G:$AS,39,FALSE) -> 152288 | P6: =O6-M6 -> 0 | S6: =R6+P6+N6+L6+J6 -> 0 | T6: 46146 | V6: Cierre temporal | W6: Cierre temporal
A7: Metro I | B7: San Francisco (H) | C7: 9211 | D7: 9211MFEN01 | E7: Canon iR2525 | F7: FRU46126 | G7: 10.11.29.204 | H7: 448206 | I7: 448206 | J7: =I7-H7 -> 0 | K7: 448206 | L7: =K7-I7 -> 0 | M7: =VLOOKUP(G7,'[1]01-09 al 30-09'!$G:$AI,29,FALSE) -> 448206 | N7: =M7-K7 -> 0 | O7: =VLOOKUP(G7,'[1]01-09 al 30-09'!$G:$AS,39,FALSE) -> 448206 | P7: =O7-M7 -> 0 | S7: =R7+P7+N7+L7+J7 -> 0 | T7: 46146 | U7: Equipo embalado pendiente retiro | V7: Pendiente Retiro | W7: =VLOOKUP(C7,'Status oficina'!$A$2:$C$208,3,FALSE) -> Activa
A8: Oriente | B8: Las Garzas | C8: 9655 | D8: 9655MFGE03 | E8: Canon iR1025 | F8: DRL37941 | G8: 10.10.206.206 | H8: 119620 | I8: 119818 | J8: =I8-H8 -> 198 | K8: 119915 | L8: =K8-I8 -> 97 | M8: =VLOOKUP(G8,'[1]01-09 al 30-09'!$G:$AI,29,FALSE) -> 119985 | N8: =M8-K8 -> 70 | O8: =VLOOKUP(G8,'[1]01-09 al 30-09'!$G:$AS,39,FALSE) -> 120042 | P8: =O8-M8 -> 57 | S8: =R8+P8+N8+L8+J8 -> 422 | T8: 46146 | U8: Se encuentra ubicada Piso 1 gerente de operaciones | V8: Instalado | W8: =VLOOKUP(C8,'Status oficina'!$A$2:$C$208,3,FALSE) -> Activa
A9: Metro I | B9: Hosp. Clinicas Caracas | C9: 9935 | D9: 9935MFAP01 | E9: Canon iR1025 | F9: DRL37947 | G9: 10.11.98.200 | H9: 340906 | I9: 341234 | J9: =I9-H9 -> 328 | K9: 341406 | L9: =K9-I9 -> 172 | M9: =VLOOKUP(G9,'[1]01-09 al 30-09'!$G:$AI,29,FALSE) -> 341688 | N9: =M9-K9 -> 282 | O9: =VLOOKUP(G9,'[1]01-09 al 30-09'!$G:$AS,39,FALSE) -> 342026 | P9: =O9-M9 -> 338 | S9: =R9+P9+N9+L9+J9 -> 1120 | T9: 46146 | V9: Instalado | W9: =VLOOKUP(C9,'Status oficina'!$A$2:$C$208,3,FALSE) -> Activa
A10: Centro Occidental | B10: Guanare | C10: 9832 | D10: 9832MFGE01 | E10: Canon iR1025 | F10: DRL37949 | G10: 10.10.60.200 | H10: 133262 | I10: 133262 | J10: =I10-H10 -> 0 | K10: 133650 | L10: =K10-I10 -> 388 | M10: =VLOOKUP(G10,'[1]01-09 al 30-09'!$G:$AI,29,FALSE) -> 133740 | N10: =M10-K10 -> 90 | O10: =VLOOKUP(G10,'[1]01-09 al 30-09'!$G:$AS,39,FALSE) -> 134387 | P10: =O10-M10 -> 647 | S10: =R10+P10+N10+L10+J10 -> 1125 | T10: 46146 | U10: Activa sin impresiones | V10: Instalado | W10: =VLOOKUP(C10,'Status oficina'!$A$2:$C$208,3,FALSE) -> Activa
A11: Occidente | B11: Mérida | C11: 9822 | D11: 9822MFGE01 | E11: Canon iR1025 | F11: DRL37951 | G11: 10.10.80.201 | H11: 474521 | I11: 474746 | J11: =I11-H11 -> 225 | K11: 474846 | L11: =K11-I11 -> 100 | M11: =VLOOKUP(G11,'[1]01-09 al 30-09'!$G:$AI,29,FALSE) -> 474961 | N11: =M11-K11 -> 115 | O11: =VLOOKUP(G11,'[1]01-09 al 30-09'!$G:$AS,39,FALSE) -> 475097 | P11: =O11-M11 -> 136 | S11: =R11+P11+N11+L11+J11 -> 576 | T11: 46146 | V11: Instalado | W11: =VLOOKUP(C11,'Status oficina'!$A$2:$C$208,3,FALSE) -> Activa
A12: Metro I | B12: Santa Mónica | C12: 9232 | D12: 9232MFTQ01 | E12: Canon iR1025 | F12: DRL37952 | G12: 10.10.125.203 | H12: 179094 | I12: 179194 | J12: =I12-H12 -> 100 | K12: 179281 | L12: =K12-I12 -> 87 | M12: =VLOOKUP(G12,'[1]01-09 al 30-09'!$G:$AI,29,FALSE) -> 179349 | N12: =M12-K12 -> 68 | O12: =VLOOKUP(G12,'[1]01-09 al 30-09'!$G:$AS,39,FALSE) -> 179374 | P12: =O12-M12 -> 25 | S12: =R12+P12+N12+L12+J12 -> 280 | T12: 46146 | V12: Instalado | W12: =VLOOKUP(C12,'Status oficina'!$A$2:$C$208,3,FALSE) -> Activa
A13: Metro I | B13: San Francisco (H) | C13: 9211 | D13: 9211MFTQ01 | E13: Canon iR1025 | F13: DRL37991 | G13: 10.11.29.202 | H13: 133847 | I13: 133939 | J13: =I13-H13 -> 92 | K13: 134029 | L13: =K13-I13 -> 90 | M13: =VLOOKUP(G13,'[1]01-09 al 30-09'!$G:$AI,29,FALSE) -> 134078 | N13: =M13-K13 -> 49 | O13: =VLOOKUP(G13,'[1]01-09 al 30-09'!$G:$AS,39,FALSE) -> 134224 | P13: =O13-M13 -> 146 | S13: =R13+P13+N13+L13+J13 -> 377 | T13: 46146 | V13: Instalado | W13: =VLOOKUP(C13,'Status oficina'!$A$2:$C$208,3,FALSE) -> Activa
A14: Metro II | B14: El Rosal | C14: 9224 | D14: 9224MFTQ01 | E14: Canon iR1025 | F14: DRL38000 | G14: 10.10.180.204 | H14: 154740 | I14: 154816 | J14: =I14-H14 -> 76 | K14: 154958 | L14: =K14-I14 -> 142 | M14: =VLOOKUP(G14,'[1]01-09 al 30-09'!$G:$AI,29,FALSE) -> 155094 | N14: =M14-K14 -> 136 | O14: =VLOOKUP(G14,'[1]01-09 al 30-09'!$G:$AS,39,FALSE) -> 155189 | P14: =O14-M14 -> 95 | S14: =R14+P14+N14+L14+J14 -> 449 | T14: 46146 | V14: Instalado | W14: =VLOOKUP(C14,'Status oficina'!$A$2:$C$208,3,FALSE) -> Activa
A15: Metro II | B15: El Rosal | C15: 9224 | D15: 9224MFAP01 | E15: Canon iR1025 | F15: DRL38005 | G15: 10.10.180.203 | H15: 314764 | I15: 315696 | J15: =I15-H15 -> 932 | K15: 316647 | L15: =K15-I15 -> 951 | M15: =VLOOKUP(G15,'[1]01-09 al 30-09'!$G:$AI,29,FALSE) -> 317569 | N15: =M15-K15 -> 922 | O15: =VLOOKUP(G15,'[1]01-09 al 30-09'!$G:$AS,39,FALSE) -> 318415 | P15: =O15-M15 -> 846 | S15: =R15+P15+N15+L15+J15 -> 3651 | T15: 46146 | V15: Instalado | W15: =VLOOKUP(C15,'Status oficina'!$A$2:$C$208,3,FALSE) -> Activa
A16: Metro I | B16: Casa Bera | C16: 9203 | D16: 9203MFGE01 | E16: Canon iR1025 | F16: DRL38009 | G16: 10.14.72.200 | H16: 306785 | I16: 306785 | J16: =I16-H16 -> 0 | K16: 306785 | L16: =K16-I16 -> 0 | M16: =VLOOKUP(G16,'[1]01-09 al 30-09'!$G:$AI,29,FALSE) -> 306785 | N16: =M16-K16 -> 0 | O16: =VLOOKUP(G16,'[1]01-09 al 30-09'!$G:$AS,39,FALSE) -> 306785 | P16: =O16-M16 -> 0 | S16: =R16+P16+N16+L16+J16 -> 0 | T16: 46146 | U16: Se embala impresora por no tener uso 25/02/2025/Cierre Definitivo 04/12/2025 | V16: Cierre definitivo | W16: Cierre definitivo
A17: Occidente | B17: Barrio Obrero | C17: 9963 | D17: 9963MFTQ01 | E17: Canon iR1025 | F17: DRL39190 | G17: 10.11.99.201 | H17: 127579 | I17: 127875 | J17: =I17-H17 -> 296 | K17: 128229 | L17: =K17-I17 -> 354 | M17: =VLOOKUP(G17,'[1]01-09 al 30-09'!$G:$AI,29,FALSE) -> 128401 | N17: =M17-K17 -> 172 | O17: =VLOOKUP(G17,'[1]01-09 al 30-09'!$G:$AS,39,FALSE) -> 128650 | P17: =O17-M17 -> 249 | S17: =R17+P17+N17+L17+J17 -> 1071 | T17: 46146 | V17: Instalado | W17: =VLOOKUP(C17,'Status oficina'!$A$2:$C$208,3,FALSE) -> Activa
A18: Occidente | B18: La Concordia | C18: 9837 | D18: 9837MFTQ01 | E18: Canon iR1025 | F18: DRL39193 | G18: 10.14.11.204 | H18: 246164 | I18: 246795 | J18: =I18-H18 -> 631 | K18: 247354 | L18: =K18-I18 -> 559 | M18: =VLOOKUP(G18,'[1]01-09 al 30-09'!$G:$AI,29,FALSE) -> 247859 | N18: =M18-K18 -> 505 | O18: =VLOOKUP(G18,'[1]01-09 al 30-09'!$G:$AS,39,FALSE) -> 248344 | P18: =O18-M18 -> 485 | S18: =R18+P18+N18+L18+J18 -> 2180 | T18: 46146 | V18: Instalado | W18: =VLOOKUP(C18,'Status oficina'!$A$2:$C$208,3,FALSE) -> Activa
A19: Occidente | B19: San Cristobal II | C19: 9895 | D19: 9895MFTQ01 | E19: Canon iR1025 | F19: DRL39198 | G19: 10.14.12.201 | H19: 93852 | I19: 93852 | J19: =I19-H19 -> 0 | K19: 93852 | L19: =K19-I19 -> 0 | M19: =VLOOKUP(G19,'[1]01-09 al 30-09'!$G:$AI,29,FALSE) -> 93852 | N19: =M19-K19 -> 0 | O19: =VLOOKUP(G19,'[1]01-09 al 30-09'!$G:$AS,39,FALSE) -> 93852 | P19: =O19-M19 -> 0 | S19: =R19+P19+N19+L19+J19 -> 0 | T19: 46146 | U19: Sin Linea desde el 14 al 22/10 | V19: Cierre definitivo | W19: =VLOOKUP(C19,'Status oficina'!$A$2:$C$208,3,FALSE) -> Cierre definitivo
A20: Centro Occidental | B20: Plaza Bolivar | C20: 9410 | D20: 9410MFCO01 | E20: Canon iR1025 | F20: DRL39401 | G20: 10.11.25.200 | H20: 144237 | I20: 144409 | J20: =I20-H20 -> 172 | K20: 144724 | L20: =K20-I20 -> 315 | M20: =VLOOKUP(G20,'[1]01-09 al 30-09'!$G:$AI,29,FALSE) -> 144788 | N20: =M20-K20 -> 64 | O20: =VLOOKUP(G20,'[1]01-09 al 30-09'!$G:$AS,39,FALSE) -> 145081 | P20: =O20-M20 -> 293 | S20: =R20+P20+N20+L20+J20 -> 844 | T20: 46146 | V20: Instalado | W20: =VLOOKUP(C20,'Status oficina'!$A$2:$C$208,3,FALSE) -> Activa
A21: Centro Occidental | B21: San Diego | C21: 9467 | D21: 9467MFCO01 | E21: Canon iR1025 | F21: DRL39403 | G21: 10.10.158.201 | H21: 126543 | I21: 126738 | J21: =I21-H21 -> 195 | K21: 126927 | L21: =K21-I21 -> 189 | M21: =VLOOKUP(G21,'[1]01-09 al 30-09'!$G:$AI,29,FALSE) -> 127026 | N21: =M21-K21 -> 99 | O21: =VLOOKUP(G21,'[1]01-09 al 30-09'!$G:$AS,39,FALSE) -> 127178 | P21: =O21-M21 -> 152 | S21: =R21+P21+N21+L21+J21 -> 635 | T21: 46146 | V21: Instalado | W21: =VLOOKUP(C21,'Status oficina'!$A$2:$C$208,3,FALSE) -> Activa
A22: Centro Occidental | B22: Lomas Del Este | C22: 9420 | D22: 9420MFTQ01 | E22: Canon iR1025 | F22: DRL39438 | G22: 10.10.100.110 | H22: 221210 | I22: 221210 | J22: =I22-H22 -> 0 | K22: 221210 | L22: =K22-I22 -> 0 | M22: =VLOOKUP(G22,'[1]01-09 al 30-09'!$G:$AI,29,FALSE) -> 221210 | N22: =M22-K22 -> 0 | O22: =VLOOKUP(G22,'[1]01-09 al 30-09'!$G:$AS,39,FALSE) -> 221210 | P22: =O22-M22 -> 0 | S22: =R22+P22+N22+L22+J22 -> 0 | T22: 46146 | V22: Cierre definitivo | W22: =VLOOKUP(C22,'Status oficina'!$A$2:$C$208,3,FALSE) -> Cierre definitivo
A23: Metro II | B23: Concresa | C23: 9231 | D23: 9231MFTQ01 | E23: Canon iR1025 | F23: DRL43466 | G23: 10.14.93.201 | H23: 207435 | I23: 207637 | J23: =I23-H23 -> 202 | K23: 207765 | L23: =K23-I23 -> 128 | M23: =VLOOKUP(G23,'[1]01-09 al 30-09'!$G:$AI,29,FALSE) -> 207936 | N23: =M23-K23 -> 171 | O23: =VLOOKUP(G23,'[1]01-09 al 30-09'!$G:$AS,39,FALSE) -> 208081 | P23: =O23-M23 -> 145 | S23: =R23+P23+N23+L23+J23 -> 646 | T23: 46146 | V23: Instalado | W23: =VLOOKUP(C23,'Status oficina'!$A$2:$C$208,3,FALSE) -> Activa
A24: Centro Occidental | B24: El Recreo | C24: 9425 | D24: 9425MFTQ01 | E24: Canon iR1025 | F24: DRL43476 | G24: 10.10.171.207 | H24: 261899 | I24: 262242 | J24: =I24-H24 -> 343 | K24: 263283 | L24: =K24-I24 -> 1041 | M24: =VLOOKUP(G24,'[1]01-09 al 30-09'!$G:$AI,29,FALSE) -> 263283 | N24: =M24-K24 -> 0 | O24: =VLOOKUP(G24,'[1]01-09 al 30-09'!$G:$AS,39,FALSE) -> 263474 | P24: =O24-M24 -> 191 | S24: =R24+P24+N24+L24+J24 -> 1575 | T24: 46146 | V24: Instalado | W24: =VLOOKUP(C24,'Status oficina'!$A$2:$C$208,3,FALSE) -> Activa
A25: Metro II | B25: Centro Plaza | C25: 9294 | D25: 9294MFGE01 | E25: Canon iR1025 | F25: DRL43547 | G25: 10.14.47.204 | H25: 283273 | I25: 283288 | J25: =I25-H25 -> 15 | K25: 283308 | L25: =K25-I25 -> 20 | M25: =VLOOKUP(G25,'[1]01-09 al 30-09'!$G:$AI,29,FALSE) -> 283349 | N25: =M25-K25 -> 41 | O25: =VLOOKUP(G25,'[1]01-09 al 30-09'!$G:$AS,39,FALSE) -> 283386 | P25: =O25-M25 -> 37 | S25: =R25+P25+N25+L25+J25 -> 113 | T25: 46146 | V25: Instalado | W25: =VLOOKUP(C25,'Status oficina'!$A$2:$C$208,3,FALSE) -> Activa
A26: Metro II | B26: La Trinidad | C26: 9228 | D26: 9228MFAP01 | E26: Canon iR2525 | F26: FRU47935 | G26: 10.14.8.201 | H26: 384856 | I26: 385890 | J26: =I26-H26 -> 1034 | K26: 386818 | L26: =K26-I26 -> 928 | M26: =VLOOKUP(G26,'[1]01-09 al 30-09'!$G:$AI,29,FALSE) -> 387647 | N26: =M26-K26 -> 829 | O26: =VLOOKUP(G26,'[1]01-09 al 30-09'!$G:$AS,39,FALSE) -> 388675 | P26: =O26-M26 -> 1028 | S26: =R26+P26+N26+L26+J26 -> 3819 | T26: 46146 | V26: Instalado | W26: =VLOOKUP(C26,'Status oficina'!$A$2:$C$208,3,FALSE) -> Activa
A27: Metro II | B27: Universidad Metropolitana | C27: 9927 | D27: 9927MFAP01 | E27: Canon iR1025 | F27: DRL43565 | G27: 10.10.184.201 | H27: 188326 | I27: 188557 | J27: =I27-H27 -> 231 | K27: 188674 | L27: =K27-I27 -> 117 | M27: =VLOOKUP(G27,'[1]01-09 al 30-09'!$G:$AI,29,FALSE) -> 188790 | N27: =M27-K27 -> 116 | O27: =VLOOKUP(G27,'[1]01-09 al 30-09'!$G:$AS,39,FALSE) -> 189051 | P27: =O27-M27 -> 261 | S27: =R27+P27+N27+L27+J27 -> 725 | T27: 46146 | V27: Instalado | W27: =VLOOKUP(C27,'Status oficina'!$A$2:$C$208,3,FALSE) -> Activa
A28: Oriente | B28: Lecherias | C28: 9538 | D28: 9538MFAP01 | E28: Canon iR1025 | F28: DRL43579 | G28: 10.10.163.200 | H28: 250936 | I28: 250936 | J28: =I28-H28 -> 0 | K28: 250936 | L28: =K28-I28 -> 0 | M28: =VLOOKUP(G28,'[1]01-09 al 30-09'!$G:$AI,29,FALSE) -> 250936 | N28: =M28-K28 -> 0 | O28: =VLOOKUP(G28,'[1]01-09 al 30-09'!$G:$AS,39,FALSE) -> 250936 | P28: =O28-M28 -> 0 | S28: =R28+P28+N28+L28+J28 -> 0 | T28: 46146 | V28: Cierre temporal | W28: =VLOOKUP(C28,'Status oficina'!$A$2:$C$208,3,FALSE) -> Cierre temporal
A29: Centro Occidental | B29: San Blas | C29: 9430 | D29: 9430MFTQ01 | E29: Canon iR1025 | F29: DRL43583 | G29: 10.11.11.200 | H29: 155750 | I29: 156112 | J29: =I29-H29 -> 362 | K29: 156449 | L29: =K29-I29 -> 337 | M29: =VLOOKUP(G29,'[1]01-09 al 30-09'!$G:$AI,29,FALSE) -> 156715 | N29: =M29-K29 -> 266 | O29: =VLOOKUP(G29,'[1]01-09 al 30-09'!$G:$AS,39,FALSE) -> 157479 | P29: =O29-M29 -> 764 | S29: =R29+P29+N29+L29+J29 -> 1729 | T29: 46146 | V29: Instalado | W29: =VLOOKUP(C29,'Status oficina'!$A$2:$C$208,3,FALSE) -> Activa
A30: Centro Occidental | B30: Barquisimeto | C30: 9833 | D30: 9833MFGE01 | E30: Canon iR1025 | F30: DRL43591 | G30: 10.10.230.200 | H30: 426870 | I30: 426870 | J30: =I30-H30 -> 0 | K30: 426870 | L30: =K30-I30 -> 0 | M30: =VLOOKUP(G30,'[1]01-09 al 30-09'!$G:$AI,29,FALSE) -> 426870 | N30: =M30-K30 -> 0 | O30: =VLOOKUP(G30,'[1]01-09 al 30-09'!$G:$AS,39,FALSE) -> 426870 | P30: =O30-M30 -> 0 | S30: =R30+P30+N30+L30+J30 -> 0 | T30: 46146 | U30: Operativa pero sin impresiones/Se embala la impresora por tener poco uso 10/03/2025 | V30: Pendiente Retiro | W30: =VLOOKUP(C30,'Status oficina'!$A$2:$C$208,3,FALSE) -> Activa
A31: Centro Occidental | B31: Barinas | C31: 9831 | D31: 9831MFEN01 | E31: Canon iR1025 | F31: DRL43598 | G31: 10.11.9.201 | H31: 127880 | I31: 127942 | J31: =I31-H31 -> 62 | K31: 127948 | L31: =K31-I31 -> 6 | M31: =VLOOKUP(G31,'[1]01-09 al 30-09'!$G:$AI,29,FALSE) -> 127989 | N31: =M31-K31 -> 41 | O31: =VLOOKUP(G31,'[1]01-09 al 30-09'!$G:$AS,39,FALSE) -> 128020 | P31: =O31-M31 -> 31 | S31: =R31+P31+N31+L31+J31 -> 140 | T31: 46146 | V31: Instalado | W31: =VLOOKUP(C31,'Status oficina'!$A$2:$C$208,3,FALSE) -> Activa
A32: Metro II | B32: Altamira | C32: 9221 | D32: 9221MFBC01 | E32: Canon iR1025 | F32: DRL43601 | G32: 10.10.141.201 | H32: 136091 | I32: 136091 | J32: =I32-H32 -> 0 | K32: 136091 | L32: =K32-I32 -> 0 | M32: 136091 | N32: =M32-K32 -> 0 | O32: 136091 | P32: =O32-M32 -> 0 | S32: =R32+P32+N32+L32+J32 -> 0 | T32: 46146 | U32: Se desincorpora ya que el personal se retirar de la oficina 28/11/2025/Se procede a trasladar de la agencia chuao y se instala en la agencia altamira 02/12/2025 | V32: Cierre definitivo | W32: =VLOOKUP(C32,'Status oficina'!$A$2:$C$208,3,FALSE) -> Cierre definitivo
A33: Metro I | B33: Multiplazas El Paraiso | C33: 9264 | D33: 9264MFTQ01 | E33: Canon iR1025 | F33: DRL43605 | G33: 10.11.23.201 | H33: 204247 | I33: 204277 | J33: =I33-H33 -> 30 | K33: 204294 | L33: =K33-I33 -> 17 | M33: =VLOOKUP(G33,'[1]01-09 al 30-09'!$G:$AI,29,FALSE) -> 204303 | N33: =M33-K33 -> 9 | O33: =VLOOKUP(G33,'[1]01-09 al 30-09'!$G:$AS,39,FALSE) -> 204321 | P33: =O33-M33 -> 18 | S33: =R33+P33+N33+L33+J33 -> 74 | T33: 46146 | V33: Instalado | W33: =VLOOKUP(C33,'Status oficina'!$A$2:$C$208,3,FALSE) -> Activa
A34: Metro I | B34: La Guaira | C34: 9241 | D34: 9241MFAP01 | E34: Canon iR2525 | F34: FRU40598 | G34: 10.10.145.200 | H34: 497108 | I34: 497108 | J34: =I34-H34 -> 0 | K34: 497108 | L34: =K34-I34 -> 0 | M34: =VLOOKUP(G34,'[1]01-09 al 30-09'!$G:$AI,29,FALSE) -> 497108 | N34: =M34-K34 -> 0 | O34: =VLOOKUP(G34,'[1]01-09 al 30-09'!$G:$AS,39,FALSE) -> 497108 | P34: =O34-M34 -> 0 | S34: =R34+P34+N34+L34+J34 -> 0 | T34: 46146 | V34: Cierre temporal | W34: =VLOOKUP(C34,'Status oficina'!$A$2:$C$208,3,FALSE) -> Cierre temporal
A35: Metro I | B35: La Guaira | C35: 9241 | D35: 9241MFGE01 | E35: Canon iR1025 | F35: DRL54932 | G35: 10.10.145.202 | H35: 85823 | I35: 85823 | J35: =I35-H35 -> 0 | K35: 85823 | L35: =K35-I35 -> 0 | M35: =VLOOKUP(G35,'[1]01-09 al 30-09'!$G:$AI,29,FALSE) -> 85823 | N35: =M35-K35 -> 0 | O35: =VLOOKUP(G35,'[1]01-09 al 30-09'!$G:$AS,39,FALSE) -> 85823 | P35: =O35-M35 -> 0 | S35: =R35+P35+N35+L35+J35 -> 0 | T35: 46146 | V35: Cierre temporal | W35: =VLOOKUP(C35,'Status oficina'!$A$2:$C$208,3,FALSE) -> Cierre temporal
A36: Metro II | B36: CMD La Trinidad | C36: 9940 | D36: 9940MFAP01 | E36: Canon iR1025 | F36: DRL43607 | G36: 10.10.97.200 | H36: 273004 | I36: 273201 | J36: =I36-H36 -> 197 | K36: 273457 | L36: =K36-I36 -> 256 | M36: =VLOOKUP(G36,'[1]01-09 al 30-09'!$G:$AI,29,FALSE) -> 273728 | N36: =M36-K36 -> 271 | O36: =VLOOKUP(G36,'[1]01-09 al 30-09'!$G:$AS,39,FALSE) -> 274222 | P36: =O36-M36 -> 494 | S36: =R36+P36+N36+L36+J36 -> 1218 | T36: 46146 | V36: Instalado | W36: =VLOOKUP(C36,'Status oficina'!$A$2:$C$208,3,FALSE) -> Activa
A37: Occidente | B37: Sambil Paraguana | C37: 9499 | D37: 9499MFTQ01 | E37: Canon iR1025 | F37: DRL45547 | G37: 10.10.240.200 | H37: 97540 | I37: 97602 | J37: =I37-H37 -> 62 | K37: 97644 | L37: =K37-I37 -> 42 | M37: =VLOOKUP(G37,'[1]01-09 al 30-09'!$G:$AI,29,FALSE) -> 97680 | N37: =M37-K37 -> 36 | O37: =VLOOKUP(G37,'[1]01-09 al 30-09'!$G:$AS,39,FALSE) -> 97747 | P37: =O37-M37 -> 67 | S37: =R37+P37+N37+L37+J37 -> 207 | T37: 46146 | V37: Instalado | W37: =VLOOKUP(C37,'Status oficina'!$A$2:$C$208,3,FALSE) -> Activa
A38: Oriente | B38: Guaraguao | C38: 9567 | D38: 9567MFAP01 | E38: Canon iR1025 | F38: DRL45555 | G38: 10.11.83.200 | H38: 206606 | I38: 206729 | J38: =I38-H38 -> 123 | K38: 206818 | L38: =K38-I38 -> 89 | M38: =VLOOKUP(G38,'[1]01-09 al 30-09'!$G:$AI,29,FALSE) -> 206882 | N38: =M38-K38 -> 64 | O38: =VLOOKUP(G38,'[1]01-09 al 30-09'!$G:$AS,39,FALSE) -> 207090 | P38: =O38-M38 -> 208 | S38: =R38+P38+N38+L38+J38 -> 484 | T38: 46146 | V38: Instalado | W38: =VLOOKUP(C38,'Status oficina'!$A$2:$C$208,3,FALSE) -> Activa
A39: Occidente | B39: Coro | C39: 9826 | D39: 9826MFGE01 | E39: Canon iR1025 | F39: DRL45563 | G39: 10.10.146.201 | H39: 199742 | I39: 200083 | J39: =I39-H39 -> 341 | K39: 200357 | L39: =K39-I39 -> 274 | M39: =VLOOKUP(G39,'[1]01-09 al 30-09'!$G:$AI,29,FALSE) -> 200557 | N39: =M39-K39 -> 200 | O39: =VLOOKUP(G39,'[1]01-09 al 30-09'!$G:$AS,39,FALSE) -> 200797 | P39: =O39-M39 -> 240 | S39: =R39+P39+N39+L39+J39 -> 1055 | T39: 46146 | V39: Instalado | W39: =VLOOKUP(C39,'Status oficina'!$A$2:$C$208,3,FALSE) -> Activa
A40: Metro I | B40: La Candelaria | C40: 9252 | D40: 9252MFAP01 | E40: Canon iR2525 | F40: FRU38985 | G40: 10.11.13.201 | H40: 666565 | I40: 666565 | J40: =I40-H40 -> 0 | K40: 666565 | L40: =K40-I40 -> 0 | M40: =VLOOKUP(G40,'[1]01-09 al 30-09'!$G:$AI,29,FALSE) -> 666565 | N40: =M40-K40 -> 0 | O40: =VLOOKUP(G40,'[1]01-09 al 30-09'!$G:$AS,39,FALSE) -> 666565 | P40: =O40-M40 -> 0 | S40: =R40+P40+N40+L40+J40 -> 0 | T40: 46146 | U40: Cierre Definitivo 12/12/2023 | V40: Cierre definitivo | W40: =VLOOKUP(C40,'Status oficina'!$A$2:$C$208,3,FALSE) -> Cierre definitivo
A41: Metro I | B41: La Candelaria | C41: 9252 | D41: 9252MFCO01 | E41: Canon iR1025 | F41: DRL37997 | G41: 10.11.13.200 | H41: 106018 | I41: 106018 | J41: =I41-H41 -> 0 | K41: 106018 | L41: =K41-I41 -> 0 | M41: =VLOOKUP(G41,'[1]01-09 al 30-09'!$G:$AI,29,FALSE) -> 106018 | N41: =M41-K41 -> 0 | O41: =VLOOKUP(G41,'[1]01-09 al 30-09'!$G:$AS,39,FALSE) -> 106018 | P41: =O41-M41 -> 0 | S41: =R41+P41+N41+L41+J41 -> 0 | T41: 46146 | U41: Cierre Definitivo 12/12/2023 | V41: Cierre definitivo | W41: =VLOOKUP(C41,'Status oficina'!$A$2:$C$208,3,FALSE) -> Cierre definitivo
A42: Occidente | B42: Plaza Republica | C42: 9813 | D42: 9813MFTQ01 | E42: Canon iR1025 | F42: DRL45567 | G42: 10.10.64.200 | H42: 335447 | I42: 335532 | J42: =I42-H42 -> 85 | K42: 335691 | L42: =K42-I42 -> 159 | M42: =VLOOKUP(G42,'[1]01-09 al 30-09'!$G:$AI,29,FALSE) -> 335804 | N42: =M42-K42 -> 113 | O42: =VLOOKUP(G42,'[1]01-09 al 30-09'!$G:$AS,39,FALSE) -> 335975 | P42: =O42-M42 -> 171 | S42: =R42+P42+N42+L42+J42 -> 528 | T42: 46146 | V42: Instalado | W42: =VLOOKUP(C42,'Status oficina'!$A$2:$C$208,3,FALSE) -> Activa
A43: Centro Occidental | B43: Alianza Mall Guacara | C43: 9485 | D43: 9485MFTQ01 | E43: Canon iR1025 | F43: DRL45570 | G43: 10.10.65.201 | H43: 166062 | I43: 166169 | J43: =I43-H43 -> 107 | K43: 166249 | L43: =K43-I43 -> 80 | M43: =VLOOKUP(G43,'[1]01-09 al 30-09'!$G:$AI,29,FALSE) -> 166349 | N43: =M43-K43 -> 100 | O43: =VLOOKUP(G43,'[1]01-09 al 30-09'!$G:$AS,39,FALSE) -> 166638 | P43: =O43-M43 -> 289 | S43: =R43+P43+N43+L43+J43 -> 576 | T43: 46146 | V43: Instalado | W43: =VLOOKUP(C43,'Status oficina'!$A$2:$C$208,3,FALSE) -> Activa
A44: Centro Occidental | B44: Puerto Cabello | C44: 9470 | D44: 9470MFCO01 | E44: Canon iR1025 | F44: DRL45572 | G44: 10.10.222.200 | H44: 181953 | I44: 182165 | J44: =I44-H44 -> 212 | K44: 182504 | L44: =K44-I44 -> 339 | M44: =VLOOKUP(G44,'[1]01-09 al 30-09'!$G:$AI,29,FALSE) -> 182646 | N44: =M44-K44 -> 142 | O44: =VLOOKUP(G44,'[1]01-09 al 30-09'!$G:$AS,39,FALSE) -> 183008 | P44: =O44-M44 -> 362 | S44: =R44+P44+N44+L44+J44 -> 1055 | T44: 46146 | V44: Instalado | W44: =VLOOKUP(C44,'Status oficina'!$A$2:$C$208,3,FALSE) -> Activa
A45: Metro I | B45: Sede Principal | C45: 9219 | D45: 9219MFAP01 | E45: Canon iR1025 | F45: DRL49247 | G45: 10.0.20.230 | H45: 118201 | I45: 118547 | J45: =I45-H45 -> 346 | K45: 118929 | L45: =K45-I45 -> 382 | M45: =VLOOKUP(G45,'[1]01-09 al 30-09'!$G:$AI,29,FALSE) -> 119206 | N45: =M45-K45 -> 277 | O45: =VLOOKUP(G45,'[1]01-09 al 30-09'!$G:$AS,39,FALSE) -> 119501 | P45: =O45-M45 -> 295 | S45: =R45+P45+N45+L45+J45 -> 1300 | T45: 46146 | V45: Instalado | W45: =VLOOKUP(C45,'Status oficina'!$A$2:$C$208,3,FALSE) -> Activa
A46: Occidente | B46: Ciudad Ojeda | C46: 9816 | D46: 9816MFBO01 | E46: Canon iR1025 | F46: DRL49254 | G46: 10.10.72.200 | H46: 162839 | I46: 162955 | J46: =I46-H46 -> 116 | K46: 163217 | L46: =K46-I46 -> 262 | M46: =VLOOKUP(G46,'[1]01-09 al 30-09'!$G:$AI,29,FALSE) -> 163308 | N46: =M46-K46 -> 91 | O46: =VLOOKUP(G46,'[1]01-09 al 30-09'!$G:$AS,39,FALSE) -> 163472 | P46: =O46-M46 -> 164 | S46: =R46+P46+N46+L46+J46 -> 633 | T46: 46146 | V46: Instalado | W46: =VLOOKUP(C46,'Status oficina'!$A$2:$C$208,3,FALSE) -> Activa
A47: Occidente | B47: Santa Bárbara Del Zulia | C47: 9814 | D47: 9814MFAP01 | E47: Canon iR1025 | F47: DRL49255 | G47: 10.10.14.200 | H47: 328378 | I47: 328897 | J47: =I47-H47 -> 519 | K47: 329461 | L47: =K47-I47 -> 564 | M47: =VLOOKUP(G47,'[1]01-09 al 30-09'!$G:$AI,29,FALSE) -> 329960 | N47: =M47-K47 -> 499 | O47: =VLOOKUP(G47,'[1]01-09 al 30-09'!$G:$AS,39,FALSE) -> 330575 | P47: =O47-M47 -> 615 | S47: =R47+P47+N47+L47+J47 -> 2197 | T47: 46146 | V47: Instalado | W47: =VLOOKUP(C47,'Status oficina'!$A$2:$C$208,3,FALSE) -> Activa
A48: Occidente | B48: La Limpia | C48: 9884 | D48: 9884MFGE01 | E48: Canon iR1025 | F48: DRL49256 | G48: 10.14.16.200 | H48: 148923 | I48: 148923 | J48: =I48-H48 -> 0 | K48: 148923 | L48: =K48-I48 -> 0 | M48: =VLOOKUP(G48,'[1]01-09 al 30-09'!$G:$AI,29,FALSE) -> 148923 | N48: =M48-K48 -> 0 | O48: =VLOOKUP(G48,'[1]01-09 al 30-09'!$G:$AS,39,FALSE) -> 148923 | P48: =O48-M48 -> 0 | S48: =R48+P48+N48+L48+J48 -> 0 | T48: 46146 | U48: Se embala por tener poco uso 28/02/2025 | V48: Pendiente Retiro | W48: =VLOOKUP(C48,'Status oficina'!$A$2:$C$208,3,FALSE) -> Activa
A49: Metro I | B49: Caraballeda | C49: 9268 | D49: 9268MFAP01 | E49: Canon iR1025 | F49: DRL38007 | G49: 10.10.188.201 | H49: 276689 | I49: 276689 | J49: =I49-H49 -> 0 | K49: 276689 | L49: =K49-I49 -> 0 | M49: =VLOOKUP(G49,'[1]01-09 al 30-09'!$G:$AI,29,FALSE) -> 276689 | N49: =M49-K49 -> 0 | O49: =VLOOKUP(G49,'[1]01-09 al 30-09'!$G:$AS,39,FALSE) -> 276689 | P49: =O49-M49 -> 0 | S49: =R49+P49+N49+L49+J49 -> 0 | T49: 46146 | U49: Oficina cerrada temporalmente | V49: Cierre temporal | W49: =VLOOKUP(C49,'Status oficina'!$A$2:$C$208,3,FALSE) -> Cierre temporal
A50: Metro II | B50: San Ignacio | C50: 9269 | D50: 9269MFAP01 | E50: Canon iR1025 | F50: DRL37752 | G50: 10.10.40.200 | H50: 272787 | I50: 272787 | J50: =I50-H50 -> 0 | K50: 272787 | L50: =K50-I50 -> 0 | M50: =VLOOKUP(G50,'[1]01-09 al 30-09'!$G:$AI,29,FALSE) -> 272787 | N50: =M50-K50 -> 0 | O50: =VLOOKUP(G50,'[1]01-09 al 30-09'!$G:$AS,39,FALSE) -> 272787 | P50: =O50-M50 -> 0 | S50: =R50+P50+N50+L50+J50 -> 0 | T50: 46146 | V50: Cierre temporal | W50: =VLOOKUP(C50,'Status oficina'!$A$2:$C$208,3,FALSE) -> Cierre temporal
A51: Metro I | B51: Av. Presidente Medina | C51: 9905 | D51: 9905MFTQ01 | E51: Canon iR1025 | F51: DRL51016 | G51: 10.11.28.203 | H51: 117508 | I51: 117508 | J51: =I51-H51 -> 0 | K51: 117508 | L51: =K51-I51 -> 0 | M51: =VLOOKUP(G51,'[1]01-09 al 30-09'!$G:$AI,29,FALSE) -> 117508 | N51: =M51-K51 -> 0 | O51: =VLOOKUP(G51,'[1]01-09 al 30-09'!$G:$AS,39,FALSE) -> 117508 | P51: =O51-M51 -> 0 | S51: =R51+P51+N51+L51+J51 -> 0 | T51: 46146 | U51: Cierre temporal del 16 al 19/09/Cierre Definitivo 04/12/2025 | V51: Cierre definitivo | W51: Cierre definitivo
A52: Metro II | B52: C.C. Tolon las Mercedes | C52: 9270 | D52: 9270MFGE01 | E52: Canon iR1025 | F52: DRL51768 | H52: 215794 | I52: 215794 | J52: =I52-H52 -> 0 | K52: 215794 | L52: =K52-I52 -> 0 | M52: 215794 | N52: =M52-K52 -> 0 | O52: 215794 | P52: =O52-M52 -> 0 | S52: =R52+P52+N52+L52+J52 -> 0 | T52: 46146 | U52: Se procede a embalar ya que presenta diversas falla | V52: Pendiente Retiro | W52: Activa
A53: Metro II | B53: C.C. Tolon las Mercedes | C53: 9270 | D53: 9270MFAP01 | E53: Canon iR1025 | F53: DRL37939 | G53: 10.10.11.201 | H53: 228374 | I53: 229257 | J53: =I53-H53 -> 883 | K53: 229864 | L53: =K53-I53 -> 607 | M53: =VLOOKUP(G53,'[1]01-09 al 30-09'!$G:$AI,29,FALSE) -> 230287 | N53: =M53-K53 -> 423 | O53: =VLOOKUP(G53,'[1]01-09 al 30-09'!$G:$AS,39,FALSE) -> 230949 | P53: =O53-M53 -> 662 | S53: =R53+P53+N53+L53+J53 -> 2575 | T53: 46146 | U53: Se procede a instalar en sustitucion de la DRL54054 05/09/2025,la DRL37939 se encontraba instalada en piso 11 | V53: Instalado | W53: Activa
A54: Centro Occidental | B54: Sambil Barquisimeto | C54: 9446 | D54: 9446MFGE01 | E54: Canon iR1025 | F54: DRL51800 | G54: 10.10.52.202 | H54: 127910 | I54: 127910 | J54: =I54-H54 -> 0 | K54: 127910 | L54: =K54-I54 -> 0 | M54: =VLOOKUP(G54,'[1]01-09 al 30-09'!$G:$AI,29,FALSE) -> 127910 | N54: =M54-K54 -> 0 | O54: =VLOOKUP(G54,'[1]01-09 al 30-09'!$G:$AS,39,FALSE) -> 127910 | P54: =O54-M54 -> 0 | S54: =R54+P54+N54+L54+J54 -> 0 | T54: 46146 | V54: Instalado | W54: =VLOOKUP(C54,'Status oficina'!$A$2:$C$208,3,FALSE) -> Activa
A55: Oriente | B55: Cumana | C55: 9630 | D55: 9630MFTQ01 | E55: Canon iR1025 | F55: DRL51803 | G55: 10.11.32.201 | H55: 137199 | I55: 137390 | J55: =I55-H55 -> 191 | K55: 137727 | L55: =K55-I55 -> 337 | M55: =VLOOKUP(G55,'[1]01-09 al 30-09'!$G:$AI,29,FALSE) -> 137992 | N55: =M55-K55 -> 265 | O55: =VLOOKUP(G55,'[1]01-09 al 30-09'!$G:$AS,39,FALSE) -> 138190 | P55: =O55-M55 -> 198 | S55: =R55+P55+N55+L55+J55 -> 991 | T55: 46146 | V55: Instalado | W55: =VLOOKUP(C55,'Status oficina'!$A$2:$C$208,3,FALSE) -> Activa
A56: Metro I | B56: Bello Monte | C56: 9272 | D56: 9272MFGE01 | E56: Canon iR1025 | F56: DRL37767 | G56: 10.14.90.201 | H56: 289553 | I56: 289553 | J56: =I56-H56 -> 0 | K56: 289553 | L56: =K56-I56 -> 0 | M56: =VLOOKUP(G56,'[1]01-09 al 30-09'!$G:$AI,29,FALSE) -> 289553 | N56: =M56-K56 -> 0 | O56: =VLOOKUP(G56,'[1]01-09 al 30-09'!$G:$AS,39,FALSE) -> 289553 | P56: =O56-M56 -> 0 | S56: =R56+P56+N56+L56+J56 -> 0 | T56: 46146 | U56: Activa sin impresiones sin usuario en el area/Se procede a desincorporar por no tener uso 2/19/2025 | V56: Pendiente Retiro | W56: =VLOOKUP(C56,'Status oficina'!$A$2:$C$208,3,FALSE) -> Activa
A57: Oriente | B57: Puerto La Cruz | C57: 9610 | D57: 9610MFTQ01 | E57: Canon iR1025 | F57: DRL51879 | G57: 10.10.81.208 | H57: 329718 | I57: 330777 | J57: =I57-H57 -> 1059 | K57: 331691 | L57: =K57-I57 -> 914 | M57: =VLOOKUP(G57,'[1]01-09 al 30-09'!$G:$AI,29,FALSE) -> 332718 | N57: =M57-K57 -> 1027 | O57: =VLOOKUP(G57,'[1]01-09 al 30-09'!$G:$AS,39,FALSE) -> 333635 | P57: =O57-M57 -> 917 | S57: =R57+P57+N57+L57+J57 -> 3917 | T57: 46146 | V57: Instalado | W57: =VLOOKUP(C57,'Status oficina'!$A$2:$C$208,3,FALSE) -> Activa
A58: Metro I | B58: Quinta Crespo | C58: 9299 | D58: 9299MFTQ01 | E58: Canon iR1025 | F58: DRL51893 | H58: 121368 | I58: 121368 | J58: =I58-H58 -> 0 | K58: 121368 | L58: =K58-I58 -> 0 | M58: 121368 | N58: =M58-K58 -> 0 | O58: 121368 | P58: =O58-M58 -> 0 | S58: =R58+P58+N58+L58+J58 -> 0 | T58: 46146 | U58: Se procede a desincorporar por tener la base de la puerta partida 25/02/2026 | V58: Pendiente Retiro | W58: =VLOOKUP(C58,'Status oficina'!$A$2:$C$208,3,FALSE) -> Activa
A59: Metro II | B59: C.C. Lider | C59: 9282 | D59: 9282MFGE01 | E59: Canon iR1025 | F59: DRL43570 | G59: 10.10.162.202 | H59: 256868 | I59: 256868 | J59: =I59-H59 -> 0 | K59: 256868 | L59: =K59-I59 -> 0 | M59: =VLOOKUP(G59,'[1]01-09 al 30-09'!$G:$AI,29,FALSE) -> 256868 | N59: =M59-K59 -> 0 | O59: =VLOOKUP(G59,'[1]01-09 al 30-09'!$G:$AS,39,FALSE) -> 256868 | P59: =O59-M59 -> 0 | S59: =R59+P59+N59+L59+J59 -> 0 | T59: 46146 | U59: Se desincorpora y se embala la impresora con autorizacion 24/03/2023 | V59: Pendiente Retiro | W59: =VLOOKUP(C59,'Status oficina'!$A$2:$C$208,3,FALSE) -> Activa
A60: Oriente | B60: Las Garzas | C60: 9655 | D60: 9655MFBP01 | E60: Canon iR1025 | F60: DRL51895 | G60: 10.10.206.204 | H60: 405746 | I60: 406502 | J60: =I60-H60 -> 756 | K60: 407109 | L60: =K60-I60 -> 607 | M60: =VLOOKUP(G60,'[1]01-09 al 30-09'!$G:$AI,29,FALSE) -> 407516 | N60: =M60-K60 -> 407 | O60: =VLOOKUP(G60,'[1]01-09 al 30-09'!$G:$AS,39,FALSE) -> 408337 | P60: =O60-M60 -> 821 | S60: =R60+P60+N60+L60+J60 -> 2591 | T60: 46146 | V60: Instalado | W60: =VLOOKUP(C60,'Status oficina'!$A$2:$C$208,3,FALSE) -> Activa
A61: Metro II | B61: C.C. Lider | C61: 9282 | D61: 9282MFAP01 | E61: Canon iR2525 | F61: FRU47914 | H61: 483177 | I61: 483177 | J61: =I61-H61 -> 0 | K61: 483177 | L61: =K61-I61 -> 0 | M61: 483177 | N61: =M61-K61 -> 0 | O61: 483177 | P61: =O61-M61 -> 0 | S61: =R61+P61+N61+L61+J61 -> 0 | T61: 46146 | U61: Se reemplaza y se embala la impresora por presentar fallas de manera constante 27/06/2022 | V61: Pendiente Retiro | W61: =VLOOKUP(C61,'Status oficina'!$A$2:$C$208,3,FALSE) -> Activa
A62: Metro I | B62: Ucab | C62: 9929 | D62: 9929MFAP01 | E62: Canon iR1025 | F62: DRL51907 | G62: 10.11.36.200 | H62: 299230 | I62: 299525 | J62: =I62-H62 -> 295 | K62: 299869 | L62: =K62-I62 -> 344 | M62: =VLOOKUP(G62,'[1]01-09 al 30-09'!$G:$AI,29,FALSE) -> 300344 | N62: =M62-K62 -> 475 | O62: =VLOOKUP(G62,'[1]01-09 al 30-09'!$G:$AS,39,FALSE) -> 300917 | P62: =O62-M62 -> 573 | S62: =R62+P62+N62+L62+J62 -> 1687 | T62: 46146 | V62: Instalado | W62: =VLOOKUP(C62,'Status oficina'!$A$2:$C$208,3,FALSE) -> Activa
A63: Metro II | B63: Macaracuay | C63: 9283 | D63: 9283MFAP01 | E63: Canon iR2525 | F63: FRU47916 | G63: 10.10.77.10 | H63: 450762 | I63: 450762 | J63: =I63-H63 -> 0 | K63: 450762 | L63: =K63-I63 -> 0 | M63: =VLOOKUP(G63,'[1]01-09 al 30-09'!$G:$AI,29,FALSE) -> 450762 | N63: =M63-K63 -> 0 | O63: =VLOOKUP(G63,'[1]01-09 al 30-09'!$G:$AS,39,FALSE) -> 450762 | P63: =O63-M63 -> 0 | S63: =R63+P63+N63+L63+J63 -> 0 | T63: 46146 | V63: Cierre temporal | W63: =VLOOKUP(C63,'Status oficina'!$A$2:$C$208,3,FALSE) -> Cierre temporal
A64: Metro II | B64: Macaracuay | C64: 9283 | D64: 9283MFGE01 | E64: Canon iR1025 | F64: DRL43603 | G64: 10.10.77.201 | H64: 95129 | I64: 95129 | J64: =I64-H64 -> 0 | K64: 95129 | L64: =K64-I64 -> 0 | M64: =VLOOKUP(G64,'[1]01-09 al 30-09'!$G:$AI,29,FALSE) -> 95129 | N64: =M64-K64 -> 0 | O64: =VLOOKUP(G64,'[1]01-09 al 30-09'!$G:$AS,39,FALSE) -> 95129 | P64: =O64-M64 -> 0 | S64: =R64+P64+N64+L64+J64 -> 0 | T64: 46146 | V64: Cierre temporal | W64: =VLOOKUP(C64,'Status oficina'!$A$2:$C$208,3,FALSE) -> Cierre temporal
A65: Metro II | B65: La Urbina | C65: 9284 | D65: 9284MFAP01 | E65: Canon iR1025 | F65: DRL52037 | H65: 159175 | I65: 159175 | J65: =I65-H65 -> 0 | K65: 159175 | L65: =K65-I65 -> 0 | M65: 159175 | N65: =M65-K65 -> 0 | O65: 159175 | P65: =O65-M65 -> 0 | S65: =R65+P65+N65+L65+J65 -> 0 | T65: 46146 | U65: Embalado | V65: Pendiente Retiro | W65: =VLOOKUP(C65,'Status oficina'!$A$2:$C$208,3,FALSE) -> Cierre temporal
A66: Metro II | B66: La Urbina | C66: 9284 | D66: 9284MFAP01 | E66: Canon iR2525 | F66: FRU38037 | H66: 158235 | I66: 158235 | J66: =I66-H66 -> 0 | K66: 158235 | L66: =K66-I66 -> 0 | M66: 158235 | N66: =M66-K66 -> 0 | O66: 158235 | P66: =O66-M66 -> 0 | S66: =R66+P66+N66+L66+J66 -> 0 | T66: 46146 | U66: Impresora dañada, la misma se mojo en la agencia por averia en tuberia de aguas blanca | V66: Pendiente Retiro | W66: =VLOOKUP(C66,'Status oficina'!$A$2:$C$208,3,FALSE) -> Cierre temporal
A67: Oriente | B67: Carupano | C67: 9570 | D67: 9570MFTQ01 | E67: Canon iR1025 | F67: DRL51909 | G67: 10.10.129.203 | H67: 164270 | I67: 164459 | J67: =I67-H67 -> 189 | K67: 164559 | L67: =K67-I67 -> 100 | M67: =VLOOKUP(G67,'[1]01-09 al 30-09'!$G:$AI,29,FALSE) -> 164643 | N67: =M67-K67 -> 84 | O67: =VLOOKUP(G67,'[1]01-09 al 30-09'!$G:$AS,39,FALSE) -> 164886 | P67: =O67-M67 -> 243 | S67: =R67+P67+N67+L67+J67 -> 616 | T67: 46146 | V67: Instalado | W67: =VLOOKUP(C67,'Status oficina'!$A$2:$C$208,3,FALSE) -> Activa
A68: Metro II | B68: La Trinidad | C68: 9228 | D68: 9228MFTQ01 | E68: Canon iR1025 | F68: DRL51911 | G68: 10.14.8.200 | H68: 201451 | I68: 201730 | J68: =I68-H68 -> 279 | K68: 201925 | L68: =K68-I68 -> 195 | M68: =VLOOKUP(G68,'[1]01-09 al 30-09'!$G:$AI,29,FALSE) -> 202112 | N68: =M68-K68 -> 187 | O68: =VLOOKUP(G68,'[1]01-09 al 30-09'!$G:$AS,39,FALSE) -> 202496 | P68: =O68-M68 -> 384 | S68: =R68+P68+N68+L68+J68 -> 1045 | T68: 46146 | V68: Instalado | W68: =VLOOKUP(C68,'Status oficina'!$A$2:$C$208,3,FALSE) -> Activa
A69: Metro I | B69: Centro Médico II | C69: 9914 | D69: 9914MFAP01 | E69: Canon iR1025 | F69: DRL51912 | G69: 10.10.120.200 | H69: 108438 | I69: 108793 | J69: =I69-H69 -> 355 | K69: 109202 | L69: =K69-I69 -> 409 | M69: =VLOOKUP(G69,'[1]01-09 al 30-09'!$G:$AI,29,FALSE) -> 109488 | N69: =M69-K69 -> 286 | O69: =VLOOKUP(G69,'[1]01-09 al 30-09'!$G:$AS,39,FALSE) -> 109906 | P69: =O69-M69 -> 418 | S69: =R69+P69+N69+L69+J69 -> 1468 | T69: 46146 | V69: Instalado | W69: =VLOOKUP(C69,'Status oficina'!$A$2:$C$208,3,FALSE) -> Activa
A70: Metro I | B70: Catia La Mar | C70: 9226 | D70: 9226MFCO01 | E70: Canon iR1025 | F70: DRL52039 | G70: 10.10.78.201 | H70: 127408 | I70: 127587 | J70: =I70-H70 -> 179 | K70: 127727 | L70: =K70-I70 -> 140 | M70: =VLOOKUP(G70,'[1]01-09 al 30-09'!$G:$AI,29,FALSE) -> 127831 | N70: =M70-K70 -> 104 | O70: =VLOOKUP(G70,'[1]01-09 al 30-09'!$G:$AS,39,FALSE) -> 127987 | P70: =O70-M70 -> 156 | S70: =R70+P70+N70+L70+J70 -> 579 | T70: 46146 | V70: Instalado | W70: =VLOOKUP(C70,'Status oficina'!$A$2:$C$208,3,FALSE) -> Activa
A71: Occidente | B71: Bella Vista | C71: 9818 | D71: 9818MFTQ01 | E71: Canon iR1025 | F71: DRL52588 | G71: 10.11.1.201 | H71: 164491 | I71: 164601 | J71: =I71-H71 -> 110 | K71: 164716 | L71: =K71-I71 -> 115 | M71: =VLOOKUP(G71,'[1]01-09 al 30-09'!$G:$AI,29,FALSE) -> 164809 | N71: =M71-K71 -> 93 | O71: =VLOOKUP(G71,'[1]01-09 al 30-09'!$G:$AS,39,FALSE) -> 164941 | P71: =O71-M71 -> 132 | S71: =R71+P71+N71+L71+J71 -> 450 | T71: 46146 | V71: Instalado | W71: Activa
A72: Metro II | B72: Altamira (Mercantil Arte y Cultura) | C72: 9221 | D72: 9221MFCU01 | E72: Canon iR1025 | F72: DRL52598 | G72: 10.140.0.200 | H72: 88547 | I72: 88547 | J72: =I72-H72 -> 0 | K72: 88547 | L72: =K72-I72 -> 0 | M72: 88547 | N72: =M72-K72 -> 0 | O72: 88547 | P72: =O72-M72 -> 0 | S72: =R72+P72+N72+L72+J72 -> 0 | T72: 46146 | U72: Se cambio la ip 11/01/2024 | V72: Instalado | W72: =VLOOKUP(C72,'Status oficina'!$A$2:$C$208,3,FALSE) -> Cierre definitivo
A73: Centro Occidental | B73: Las Tejerias | C73: 9311 | D73: 9311MFAP01 | E73: Canon iR1025 | F73: DRL52641 | G73: 10.10.8.201 | H73: 269503 | I73: 270007 | J73: =I73-H73 -> 504 | K73: 270547 | L73: =K73-I73 -> 540 | M73: =VLOOKUP(G73,'[1]01-09 al 30-09'!$G:$AI,29,FALSE) -> 271020 | N73: =M73-K73 -> 473 | O73: =VLOOKUP(G73,'[1]01-09 al 30-09'!$G:$AS,39,FALSE) -> 271436 | P73: =O73-M73 -> 416 | S73: =R73+P73+N73+L73+J73 -> 1933 | T73: 46146 | V73: Instalado | W73: =VLOOKUP(C73,'Status oficina'!$A$2:$C$208,3,FALSE) -> Activa
A74: Metro II | B74: Terrazas Del Ávila | C74: 9218 | D74: 9218MFAP01 | E74: Canon iR1025 | F74: DRL52642 | G74: 10.10.48.200 | H74: 213278 | I74: 213597 | J74: =I74-H74 -> 319 | K74: 213924 | L74: =K74-I74 -> 327 | M74: =VLOOKUP(G74,'[1]01-09 al 30-09'!$G:$AI,29,FALSE) -> 214323 | N74: =M74-K74 -> 399 | O74: =VLOOKUP(G74,'[1]01-09 al 30-09'!$G:$AS,39,FALSE) -> 214772 | P74: =O74-M74 -> 449 | S74: =R74+P74+N74+L74+J74 -> 1494 | T74: 46146 | V74: Instalado | W74: =VLOOKUP(C74,'Status oficina'!$A$2:$C$208,3,FALSE) -> Activa
A75: Occidente | B75: Villa Del Rosario | C75: 9827 | D75: 9827MFTQ01 | E75: Canon iR1025 | F75: DRL52647 | G75: 10.11.6.201 | H75: 207152 | I75: 207229 | J75: =I75-H75 -> 77 | K75: 207250 | L75: =K75-I75 -> 21 | M75: =VLOOKUP(G75,'[1]01-09 al 30-09'!$G:$AI,29,FALSE) -> 207259 | N75: =M75-K75 -> 9 | O75: =VLOOKUP(G75,'[1]01-09 al 30-09'!$G:$AS,39,FALSE) -> 207303 | P75: =O75-M75 -> 44 | S75: =R75+P75+N75+L75+J75 -> 151 | T75: 46146 | V75: Instalado | W75: =VLOOKUP(C75,'Status oficina'!$A$2:$C$208,3,FALSE) -> Activa
A76: Centro Occidental | B76: La Morita | C76: 9397 | D76: 9397MFCO01 | E76: Canon iR1025 | F76: DRL52650 | G76: 10.10.166.200 | H76: 376025 | I76: 376052 | J76: =I76-H76 -> 27 | K76: 376086 | L76: =K76-I76 -> 34 | M76: =VLOOKUP(G76,'[1]01-09 al 30-09'!$G:$AI,29,FALSE) -> 376112 | N76: =M76-K76 -> 26 | O76: =VLOOKUP(G76,'[1]01-09 al 30-09'!$G:$AS,39,FALSE) -> 376149 | P76: =O76-M76 -> 37 | S76: =R76+P76+N76+L76+J76 -> 124 | T76: 46146 | V76: Instalado | W76: =VLOOKUP(C76,'Status oficina'!$A$2:$C$208,3,FALSE) -> Activa
A77: Metro II | B77: Los Ruices | C77: 9238 | D77: 9238MFTQ01 | E77: Canon iR1025 | F77: DRL52652 | G77: 10.10.7.201 | H77: 260014 | I77: 260669 | J77: =I77-H77 -> 655 | K77: 261389 | L77: =K77-I77 -> 720 | M77: =VLOOKUP(G77,'[1]01-09 al 30-09'!$G:$AI,29,FALSE) -> 262277 | N77: =M77-K77 -> 888 | O77: =VLOOKUP(G77,'[1]01-09 al 30-09'!$G:$AS,39,FALSE) -> 262787 | P77: =O77-M77 -> 510 | S77: =R77+P77+N77+L77+J77 -> 2773 | T77: 46146 | V77: Instalado | W77: =VLOOKUP(C77,'Status oficina'!$A$2:$C$208,3,FALSE) -> Activa
A78: Metro II | B78: Boleita | C78: 9295 | D78: 9295MFAP01 | E78: Canon iR2525 | F78: FRU46101 | G78: 10.10.3.201 | H78: 360557 | I78: 360557 | J78: =I78-H78 -> 0 | K78: 360557 | L78: =K78-I78 -> 0 | M78: =VLOOKUP(G78,'[1]01-09 al 30-09'!$G:$AI,29,FALSE) -> 360557 | N78: =M78-K78 -> 0 | O78: =VLOOKUP(G78,'[1]01-09 al 30-09'!$G:$AS,39,FALSE) -> 360557 | P78: =O78-M78 -> 0 | S78: =R78+P78+N78+L78+J78 -> 0 | T78: 46146 | U78: Se desincorpora y se embala por cierre de la agencia con autorizacion de logistica y soporte en sitio 02/08/2023 | V78: Cierre definitivo | W78: =VLOOKUP(C78,'Status oficina'!$A$2:$C$208,3,FALSE) -> Cierre definitivo
A79: Metro II | B79: Boleita | C79: 9295 | D79: 9295MFGE01 | E79: Canon iR1025 | F79: DRL43573 | G79: 10.10.3.200 | H79: 79875 | I79: 79875 | J79: =I79-H79 -> 0 | K79: 79875 | L79: =K79-I79 -> 0 | M79: =VLOOKUP(G79,'[1]01-09 al 30-09'!$G:$AI,29,FALSE) -> 79875 | N79: =M79-K79 -> 0 | O79: =VLOOKUP(G79,'[1]01-09 al 30-09'!$G:$AS,39,FALSE) -> 79875 | P79: =O79-M79 -> 0 | S79: =R79+P79+N79+L79+J79 -> 0 | T79: 46146 | U79: Impresora Activa pero sin impresiones/Se desincorpora y se embala por cierre de la agencia con autorizacion de logistica y soporte en sitio 02/08/2023 | V79: Cierre definitivo | W79: =VLOOKUP(C79,'Status oficina'!$A$2:$C$208,3,FALSE) -> Cierre definitivo
A80: Metro I | B80: La Yaguara | C80: 9297 | D80: 9297MFAP01 | E80: Canon iR2525 | F80: FRU47925 | G80: 10.10.68.201 | H80: 425089 | I80: 425089 | J80: =I80-H80 -> 0 | K80: 425089 | L80: =K80-I80 -> 0 | M80: =VLOOKUP(G80,'[1]01-09 al 30-09'!$G:$AI,29,FALSE) -> 425089 | N80: =M80-K80 -> 0 | O80: =VLOOKUP(G80,'[1]01-09 al 30-09'!$G:$AS,39,FALSE) -> 425089 | P80: =O80-M80 -> 0 | S80: =R80+P80+N80+L80+J80 -> 0 | T80: 46146 | U80: Cierre Temporal | V80: Cierre temporal | W80: =VLOOKUP(C80,'Status oficina'!$A$2:$C$208,3,FALSE) -> Cierre temporal
A81: Centro Occidental | B81: Turen | C81: 9858 | D81: 9858MFAP01 | E81: Canon iR1025 | F81: DRL52658 | G81: 10.10.16.201 | H81: 241571 | I81: 242101 | J81: =I81-H81 -> 530 | K81: 242544 | L81: =K81-I81 -> 443 | M81: =VLOOKUP(G81,'[1]01-09 al 30-09'!$G:$AI,29,FALSE) -> 242958 | N81: =M81-K81 -> 414 | O81: =VLOOKUP(G81,'[1]01-09 al 30-09'!$G:$AS,39,FALSE) -> 243538 | P81: =O81-M81 -> 580 | S81: =R81+P81+N81+L81+J81 -> 1967 | T81: 46146 | V81: Instalado | W81: =VLOOKUP(C81,'Status oficina'!$A$2:$C$208,3,FALSE) -> Activa
A82: Centro Occidental | B82: Las Delicias | C82: 9312 | D82: 9312MFOT01 | E82: Canon iR1025 | F82: DRL52661 | G82: 10.10.186.203 | H82: 379089 | I82: 379147 | J82: =I82-H82 -> 58 | K82: 379234 | L82: =K82-I82 -> 87 | M82: =VLOOKUP(G82,'[1]01-09 al 30-09'!$G:$AI,29,FALSE) -> 379348 | N82: =M82-K82 -> 114 | O82: =VLOOKUP(G82,'[1]01-09 al 30-09'!$G:$AS,39,FALSE) -> 379565 | P82: =O82-M82 -> 217 | S82: =R82+P82+N82+L82+J82 -> 476 | T82: 46146 | V82: Instalado | W82: =VLOOKUP(C82,'Status oficina'!$A$2:$C$208,3,FALSE) -> Activa
A83: Centro Occidental | B83: San Fernando De Apure | C83: 9360 | D83: 9360MFTQ01 | E83: Canon iR1025 | F83: DRL52663 | G83: 10.10.75.200 | H83: 171616 | I83: 171835 | J83: =I83-H83 -> 219 | K83: 172117 | L83: =K83-I83 -> 282 | M83: =VLOOKUP(G83,'[1]01-09 al 30-09'!$G:$AI,29,FALSE) -> 172384 | N83: =M83-K83 -> 267 | O83: =VLOOKUP(G83,'[1]01-09 al 30-09'!$G:$AS,39,FALSE) -> 172678 | P83: =O83-M83 -> 294 | S83: =R83+P83+N83+L83+J83 -> 1062 | T83: 46146 | V83: Instalado | W83: =VLOOKUP(C83,'Status oficina'!$A$2:$C$208,3,FALSE) -> Activa
A84: Centro Occidental | B84: Araure | C84: 9834 | D84: 9834MFGE01 | E84: Canon iR1025 | F84: DRL53959 | G84: 10.11.31.201 | H84: 407701 | I84: 407768 | J84: =I84-H84 -> 67 | K84: 407840 | L84: =K84-I84 -> 72 | M84: =VLOOKUP(G84,'[1]01-09 al 30-09'!$G:$AI,29,FALSE) -> 407858 | N84: =M84-K84 -> 18 | O84: =VLOOKUP(G84,'[1]01-09 al 30-09'!$G:$AS,39,FALSE) -> 407887 | P84: =O84-M84 -> 29 | S84: =R84+P84+N84+L84+J84 -> 186 | T84: 46146 | U84: Solo para Scanear | V84: Instalado | W84: =VLOOKUP(C84,'Status oficina'!$A$2:$C$208,3,FALSE) -> Activa
A85: Centro Occidental | B85: La Victoria | C85: 9330 | D85: 9330MFEN01 | E85: Canon iR1025 | F85: DRL54002 | G85: 10.10.108.200 | H85: 292235 | I85: 292235 | J85: =I85-H85 -> 0 | K85: 292235 | L85: =K85-I85 -> 0 | M85: =VLOOKUP(G85,'[1]01-09 al 30-09'!$G:$AI,29,FALSE) -> 292235 | N85: =M85-K85 -> 0 | O85: =VLOOKUP(G85,'[1]01-09 al 30-09'!$G:$AS,39,FALSE) -> 292235 | P85: =O85-M85 -> 0 | S85: =R85+P85+N85+L85+J85 -> 0 | T85: 46146 | U85: Impresora se encuentra operativa pero sin personal en el area | V85: Instalado | W85: =VLOOKUP(C85,'Status oficina'!$A$2:$C$208,3,FALSE) -> Activa
A86: Centro Occidental | B86: Las Delicias | C86: 9312 | D86: 9312MFRH01 | E86: Canon iR1025 | F86: DRL52645 | G86: 10.10.186.200 | H86: 92791 | I86: 92791 | J86: =I86-H86 -> 0 | K86: 92791 | L86: =K86-I86 -> 0 | M86: =VLOOKUP(G86,'[1]01-09 al 30-09'!$G:$AI,29,FALSE) -> 92791 | N86: =M86-K86 -> 0 | O86: =VLOOKUP(G86,'[1]01-09 al 30-09'!$G:$AS,39,FALSE) -> 92791 | P86: =O86-M86 -> 0 | S86: =R86+P86+N86+L86+J86 -> 0 | T86: 46146 | U86: Se desincorpora y se embala por tener poco uso con autorizacion de logistica y soporte en sitio 04/04/2023 | V86: Pendiente Retiro | W86: =VLOOKUP(C86,'Status oficina'!$A$2:$C$208,3,FALSE) -> Activa
A87: Occidente | B87: Plaza Republica | C87: 9813 | D87: 9813MFSE01 | E87: Canon iR1025 | F87: DRL54053 | H87: 129189 | I87: 129189 | J87: =I87-H87 -> 0 | K87: 129189 | L87: =K87-I87 -> 0 | M87: 129189 | N87: =M87-K87 -> 0 | O87: 129189 | P87: =O87-M87 -> 0 | S87: =R87+P87+N87+L87+J87 -> 0 | T87: 46146 | U87: Se procede a desincorporar y embalar por presentar diversas fallas 29/04/2025 | V87: Pendiente Retiro | W87: =VLOOKUP(C87,'Status oficina'!$A$2:$C$208,3,FALSE) -> Activa
A88: Metro II | B88: Corporación Andina De Fomento (CAF) | C88: 9260 | D88: 9260MFAP01 | E88: Canon iR1025 | F88: DRL54280 | G88: 10.10.185.200 | H88: 58029 | I88: 58045 | J88: =I88-H88 -> 16 | K88: 58079 | L88: =K88-I88 -> 34 | M88: =VLOOKUP(G88,'[1]01-09 al 30-09'!$G:$AI,29,FALSE) -> 58111 | N88: =M88-K88 -> 32 | O88: =VLOOKUP(G88,'[1]01-09 al 30-09'!$G:$AS,39,FALSE) -> 58131 | P88: =O88-M88 -> 20 | S88: =R88+P88+N88+L88+J88 -> 102 | T88: 46146 | V88: Instalado | W88: =VLOOKUP(C88,'Status oficina'!$A$2:$C$208,3,FALSE) -> Activa
A89: Oriente | B89: C.C. Sambil Margarita | C89: 9555 | D89: 9555MFTQ01 | E89: Canon iR1025 | F89: DRL54288 | G89: 10.11.92.200 | H89: 120920 | I89: 121159 | J89: =I89-H89 -> 239 | K89: 121435 | L89: =K89-I89 -> 276 | M89: =VLOOKUP(G89,'[1]01-09 al 30-09'!$G:$AI,29,FALSE) -> 121580 | N89: =M89-K89 -> 145 | O89: =VLOOKUP(G89,'[1]01-09 al 30-09'!$G:$AS,39,FALSE) -> 121735 | P89: =O89-M89 -> 155 | S89: =R89+P89+N89+L89+J89 -> 815 | T89: 46146 | U89: Cierre temporal del 03/11/2025/Se traslado esta impresora de 4 de mayo a la agencia sambil margarita 27/11/2025 | V89: Instalado | W89: =VLOOKUP(C89,'Status oficina'!$A$2:$C$208,3,FALSE) -> Activa
A90: Metro II | B90: Guarenas | C90: 9291 | D90: 9291MFTQ01 | E90: Canon iR1025 | F90: DRL54290 | G90: 10.10.168.203 | H90: 179274 | I90: 179409 | J90: =I90-H90 -> 135 | K90: 179618 | L90: =K90-I90 -> 209 | M90: =VLOOKUP(G90,'[1]01-09 al 30-09'!$G:$AI,29,FALSE) -> 179777 | N90: =M90-K90 -> 159 | O90: =VLOOKUP(G90,'[1]01-09 al 30-09'!$G:$AS,39,FALSE) -> 179954 | P90: =O90-M90 -> 177 | S90: =R90+P90+N90+L90+J90 -> 680 | T90: 46146 | V90: Instalado | W90: =VLOOKUP(C90,'Status oficina'!$A$2:$C$208,3,FALSE) -> Activa
A91: Metro II | B91: Centro Plaza | C91: 9294 | D91: 9294MFTQ01 | E91: Canon iR1025 | F91: DRL54291 | G91: 10.14.47.201 | H91: 156690 | I91: 156833 | J91: =I91-H91 -> 143 | K91: 156977 | L91: =K91-I91 -> 144 | M91: =VLOOKUP(G91,'[1]01-09 al 30-09'!$G:$AI,29,FALSE) -> 157299 | N91: =M91-K91 -> 322 | O91: =VLOOKUP(G91,'[1]01-09 al 30-09'!$G:$AS,39,FALSE) -> 157673 | P91: =O91-M91 -> 374 | S91: =R91+P91+N91+L91+J91 -> 983 | T91: 46146 | V91: Instalado | W91: =VLOOKUP(C91,'Status oficina'!$A$2:$C$208,3,FALSE) -> Activa
A92: Centro Occidental | B92: Colonia Tovar | C92: 9336 | D92: 9336MFAP01 | E92: Canon iR1025 | F92: DRL43563 | G92: 10.10.153.202 | H92: 192932 | I92: 192932 | J92: =I92-H92 -> 0 | K92: 192932 | L92: =K92-I92 -> 0 | M92: =VLOOKUP(G92,'[1]01-09 al 30-09'!$G:$AI,29,FALSE) -> 192932 | N92: =M92-K92 -> 0 | O92: =VLOOKUP(G92,'[1]01-09 al 30-09'!$G:$AS,39,FALSE) -> 192932 | P92: =O92-M92 -> 0 | S92: =R92+P92+N92+L92+J92 -> 0 | T92: 46146 | V92: Cierre temporal | W92: =VLOOKUP(C92,'Status oficina'!$A$2:$C$208,3,FALSE) -> Cierre temporal
A93: Metro II | B93: Higuerote | C93: 9290 | D93: 9290MFTQ01 | E93: Canon iR1025 | F93: DRL54292 | G93: 10.10.227.204 | H93: 51523 | I93: 51649 | J93: =I93-H93 -> 126 | K93: 51731 | L93: =K93-I93 -> 82 | M93: =VLOOKUP(G93,'[1]01-09 al 30-09'!$G:$AI,29,FALSE) -> 51773 | N93: =M93-K93 -> 42 | O93: =VLOOKUP(G93,'[1]01-09 al 30-09'!$G:$AS,39,FALSE) -> 51874 | P93: =O93-M93 -> 101 | S93: =R93+P93+N93+L93+J93 -> 351 | T93: 46146 | V93: Instalado | W93: =VLOOKUP(C93,'Status oficina'!$A$2:$C$208,3,FALSE) -> Activa
A94: Metro II | B94: C.C.C.T. II | C94: 9441 | D94: 9441MFTQ01 | E94: Canon iR1025 | F94: DRL54293 | G94: 10.10.84.202 | H94: 173123 | I94: 173417 | J94: =I94-H94 -> 294 | K94: 173709 | L94: =K94-I94 -> 292 | M94: =VLOOKUP(G94,'[1]01-09 al 30-09'!$G:$AI,29,FALSE) -> 173994 | N94: =M94-K94 -> 285 | O94: =VLOOKUP(G94,'[1]01-09 al 30-09'!$G:$AS,39,FALSE) -> 174208 | P94: =O94-M94 -> 214 | S94: =R94+P94+N94+L94+J94 -> 1085 | T94: 46146 | V94: Instalado | W94: =VLOOKUP(C94,'Status oficina'!$A$2:$C$208,3,FALSE) -> Activa
A95: Metro I | B95: Charallave | C95: 9250 | D95: 9250MFTQ01 | E95: Canon iR1025 | F95: DRL54294 | G95: 10.10.89.200 | H95: 208233 | I95: 208360 | J95: =I95-H95 -> 127 | K95: 208436 | L95: =K95-I95 -> 76 | M95: =VLOOKUP(G95,'[1]01-09 al 30-09'!$G:$AI,29,FALSE) -> 208594 | N95: =M95-K95 -> 158 | O95: =VLOOKUP(G95,'[1]01-09 al 30-09'!$G:$AS,39,FALSE) -> 208808 | P95: =O95-M95 -> 214 | S95: =R95+P95+N95+L95+J95 -> 575 | T95: 46146 | V95: Instalado | W95: =VLOOKUP(C95,'Status oficina'!$A$2:$C$208,3,FALSE) -> Activa
A96: Centro Occidental | B96: Tucupido | C96: 9350 | D96: 9350MFAP01 | E96: Canon iR2525 | F96: FRU46145 | G96: 10.11.19.200 | H96: 282366 | I96: 282366 | J96: =I96-H96 -> 0 | K96: 282366 | L96: =K96-I96 -> 0 | M96: =VLOOKUP(G96,'[1]01-09 al 30-09'!$G:$AI,29,FALSE) -> 282366 | N96: =M96-K96 -> 0 | O96: =VLOOKUP(G96,'[1]01-09 al 30-09'!$G:$AS,39,FALSE) -> 282366 | P96: =O96-M96 -> 0 | S96: =R96+P96+N96+L96+J96 -> 0 | T96: 46146 | V96: Cierre temporal | W96: =VLOOKUP(C96,'Status oficina'!$A$2:$C$208,3,FALSE) -> Cierre temporal
A97: Centro Occidental | B97: Tucupido | C97: 9350 | D97: 9350MFGE01 | E97: Canon iR1025 | F97: DRL45549 | G97: 10.11.19.201 | H97: 94841 | I97: 94841 | J97: =I97-H97 -> 0 | K97: 94841 | L97: =K97-I97 -> 0 | M97: =VLOOKUP(G97,'[1]01-09 al 30-09'!$G:$AI,29,FALSE) -> 94841 | N97: =M97-K97 -> 0 | O97: =VLOOKUP(G97,'[1]01-09 al 30-09'!$G:$AS,39,FALSE) -> 94841 | P97: =O97-M97 -> 0 | S97: =R97+P97+N97+L97+J97 -> 0 | T97: 46146 | V97: Cierre temporal | W97: =VLOOKUP(C97,'Status oficina'!$A$2:$C$208,3,FALSE) -> Cierre temporal
A98: Metro I | B98: Sede Principal | C98: 9219 | D98: 9219MFCP01 | E98: Canon iR1025 | F98: DRL54342 | G98: 10.0.20.206 | H98: 58154 | I98: 58346 | J98: =I98-H98 -> 192 | K98: 58507 | L98: =K98-I98 -> 161 | M98: =VLOOKUP(G98,'[1]01-09 al 30-09'!$G:$AI,29,FALSE) -> 58630 | N98: =M98-K98 -> 123 | O98: =VLOOKUP(G98,'[1]01-09 al 30-09'!$G:$AS,39,FALSE) -> 58801 | P98: =O98-M98 -> 171 | S98: =R98+P98+N98+L98+J98 -> 647 | T98: 46146 | V98: Instalado | W98: =VLOOKUP(C98,'Status oficina'!$A$2:$C$208,3,FALSE) -> Activa
A99: Metro II | B99: Chuao | C99: 9271 | D99: 9271MFTQ01 | E99: Canon iR1025 | F99: DRL54343 | G99: 10.10.211.202 | H99: 304172 | I99: 305089 | J99: =I99-H99 -> 917 | K99: 305731 | L99: =K99-I99 -> 642 | M99: =VLOOKUP(G99,'[1]01-09 al 30-09'!$G:$AI,29,FALSE) -> 306549 | N99: =M99-K99 -> 818 | O99: =VLOOKUP(G99,'[1]01-09 al 30-09'!$G:$AS,39,FALSE) -> 307452 | P99: =O99-M99 -> 903 | S99: =R99+P99+N99+L99+J99 -> 3280 | T99: 46146 | V99: Instalado | W99: =VLOOKUP(C99,'Status oficina'!$A$2:$C$208,3,FALSE) -> Activa
A100: Centro Occidental | B100: Calabozo | C100: 9392 | D100: 9392MFGE01 | E100: Canon iR1025 | F100: DRL54879 | G100: 10.11.15.201 | H100: 111577 | I100: 111577 | J100: =I100-H100 -> 0 | K100: 111577 | L100: =K100-I100 -> 0 | M100: =VLOOKUP(G100,'[1]01-09 al 30-09'!$G:$AI,29,FALSE) -> 111577 | N100: =M100-K100 -> 0 | O100: =VLOOKUP(G100,'[1]01-09 al 30-09'!$G:$AS,39,FALSE) -> 111577 | P100: =O100-M100 -> 0 | S100: =R100+P100+N100+L100+J100 -> 0 | T100: 46146 | U100: Se desincorpora y se embala por tener poco uso con autorizacion de logistica y soporte en sitio 28/03/2025 | V100: Pendiente Retiro | W100: =VLOOKUP(C100,'Status oficina'!$A$2:$C$208,3,FALSE) -> Activa
...

Sheet Hoja3
A1: Serial | B1: Serial
A2: DRL37783 | B2: DRL37783 | C2: =IF(A2=B2,TRUE,FALSE) -> TRUE
A3: DRL37786 | B3: DRL37786 | C3: =IF(A3=B3,TRUE,FALSE) -> TRUE
A4: DRL37787 | B4: DRL37787 | C4: =IF(A4=B4,TRUE,FALSE) -> TRUE
A5: DRL37936 | B5: DRL37936 | C5: =IF(A5=B5,TRUE,FALSE) -> TRUE
A6: DRL37941 | B6: DRL37941 | C6: =IF(A6=B6,TRUE,FALSE) -> TRUE
A7: DRL37947 | B7: DRL37947 | C7: =IF(A7=B7,TRUE,FALSE) -> TRUE
A8: DRL37948 | B8: DRL37948 | C8: =IF(A8=B8,TRUE,FALSE) -> TRUE
A9: DRL37949 | B9: DRL37949 | C9: =IF(A9=B9,TRUE,FALSE) -> TRUE
A10: DRL37951 | B10: DRL37951 | C10: =IF(A10=B10,TRUE,FALSE) -> TRUE
A11: DRL37952 | B11: DRL37952 | C11: =IF(A11=B11,TRUE,FALSE) -> TRUE
A12: DRL37991 | B12: DRL37991 | C12: =IF(A12=B12,TRUE,FALSE) -> TRUE
A13: DRL38000 | B13: DRL38000 | C13: =IF(A13=B13,TRUE,FALSE) -> TRUE
... A248: FRU84158 | B248: FRU84161 | C248: =IF(A248=B248,TRUE,FALSE) -> FALSE
A249: FRU84161 | C249: =IF(A249=B249,TRUE,FALSE) -> FALSE

Sheet Status oficina
A1: Codigo de Negocio | B1: Oficina | C1: Status
A2: 9203 | B2: Casa Bera | C2: Cierre definitivo
A3: 9211 | B3: San Francisco | C3: Activa
A4: 9212 | B4: PRADOS DE MARIA | C4: Cierre temporal
A5: 9213 | B5: Sabana Grande | C5: Activa
A6: 9214 | B6: Avenida Francisco Solano | C6: Cierre temporal
A7: 9217 | B7: Principal | C7: Activa
A8: 9218 | B8: Terrazas del Ávila | C8: Activa
A9: 9219 | B9: Caja Interna | C9: Activa
A10: 9221 | B10: Altamira | C10: Cierre definitivo
A11: 9224 | B11: El Rosal | C11: Activa
A12: 9225 | B12: Las Mercedes | C12: Activa
A13: 9226 | B13: Catia La Mar | C13: Activa
... A207: 9964 | B207: D.H.L La California | C207: Cierre definitivo
A208: 0000 | B208: HP | C208: Sede

Sheet Hoja2
A1: 606891
A2: 217461
A3: 363696
A4: 671985
A5: 494977
A6: 480244
A7: 790927
A8: 775542
A9: 301218
A10: 505110
A11: 359973
A12: 215621
... A361: 96469

Sheet Calidad de Prestamo y Retiro
A1: Region | B1: Nombre Oficina | C1: Codigo de Oficina | D1: Nombre de Host Oficina | E1: DisplayName | F1: Serial | G1: IPv4Address | H1: 42643 | I1: 03-10 al 07-10 | J1: Contador 07-10 | K1: 10-10 al 14-10 | L1: Contador 14-10 | M1: 17-10 al 21-10 | N1: Contador 21-10 | O1: 24-10 al 28-10 | P1: Contador 28-10 | Q1: 42674 | R1: Contador 31-10 | S1: Contador Mensual | T1: Observaciones
A2: Metropolitana II | B2: La Vega | C2: 9262 | D2: 9262MFGE01 | E2: Canon iR1025 | F2: DRL43599 | G2: 10.10.116.203 | H2: 80191 | S2: 0 | T2: Esta Agencia fue cerrada, Contador: 80191, Fecha 01-10-2016
A3: Metropolitana III | B3: Petare | C3: 9296 | D3: 9296MFAP01 | E3: Canon iR2525 | F3: FRU47913 | G3: 10.10.20.201 | H3: 118073 | S3: 0 | T3: Esta Agencia fue cerrada, Contador: 118073, Fecha 01-10-2016
A4: Metropolitana III | B4: Petare | C4: 9296 | D4: 9296MFTQ01 | E4: Canon iR1025 | F4: DRL51798 | G4: 10.10.20.200 | H4: 9877 | S4: 0 | T4: Esta Agencia fue cerrada, Contador: 9877, Fecha 01-10-2016
A5: Sur | B5: Unare - Pto. Ordaz | C5: 9611 | D5: 9611MFGE01 | E5: Canon iR1025 | F5: DRL45565 | G5: 10.10.56.200 | H5: 186655 | S5: 0 | T5: Impresora Desconectada, Pendiente por Retirar, Contador 186660
A6: Metropolitana III | B6: Valle Arriba Market | C6: 9439 | D6: 9439MFAP01 | E6: Canon iR1025 | F6: DRL54297 | G6: 10.14.95.200 | H6: 95705 | S6: 0 | T6: Esta Agencia fue cerrada, Contador: 95910, Fecha 03-10-2016
A7: Metropolitana I | B7: Galerias Avila | C7: 9942 | D7: 9942MFRS01 | E7: Canon iR2525 | F7: FRU38037 | G7: 10.10.27.200 | H7: 91075 | S7: 0 | T7: Esta Agencia fue cerrada, Contador: 91144, Fecha 01-10-2016
A8: Metropolitana III | B8: Galerias Los Naranjos | C8: 9945 | D8: 9945MFAP01 | E8: Canon iR1025 | F8: DRL54812 | G8: 10.10.26.200 | H8: 142199 | S8: 0 | T8: Esta Agencia fue cerrada, Contador: 142393, Fecha 04-10-2016
A9: Metropolitana I | B9: Parque Central | C9: 9215 | D9: 9215MFAP01 | E9: Canon iR2525 | F9: FRU38957 | G9: 10.10.149.210 | H9: 200634 | S9: 0 | T9: Esta Agencia fue cerrada, Contador: 200773, Fecha 04-10-2016
A10: Metropolitana I | B10: Parque Central | C10: 9215 | D10: 9215MFTQ01 | E10: Canon iR1025 | F10: DRL37943 | G10: 10.10.149.201 | H10: 55835 | I10: 56228 | J10: 393 | K10: 56319 | L10: 91 | S10: 484 | T10: Esta Agencia fue cerrada, Contador: 56319, Fecha 04-10-2016
A11: Metropolitana II | B11: La Pilita | C11: 9251 | D11: 9251MFAP01 | E11: Canon iR2525 | F11: FRU46125 | G11: 10.10.239.200 | H11: 210023 | I11: 210315 | J11: 292 | S11: 292 | T11: Esta Agencia fue cerrada, Contador: 210315, Fecha 08-10-2016
A12: Metropolitana II | B12: La Pilita | C12: 9251 | D12: 9251MFTQ01 | E12: Canon iR1025 | F12: DRL54962 | G12: 10.10.239.201 | H12: 40509 | I12: 40722 | J12: 213 | S12: 213 | T12: Esta Agencia fue cerrada, Contador: 40722, Fecha 08-10-2016
A13: Metropolitana I | B13: Las Acacias | C13: 9254 | D13: 9254MFBV01 | E13: Canon iR1025 | F13: DRL37786 | G13: 10.10.255.200 | H13: 34540 | I13: 34722 | J13: 182 | S13: 182 | T13: Esta Agencia fue cerrada, Contador: 34722, Fecha 08-10-2016
A14: Metropolitana III | B14: Los Samanes | C14: 9364 | D14: 9364MFAP01 | E14: Canon iR2525 | F14: FRU47855 | G14: 10.14.50.207 | H14: 170520 | I14: 171131 | J14: 611 | S14: 611 | T14: Esta Agencia fue cerrada, Contador: 171131, Fecha 08-10-2016
A15: Metropolitana I | B15: El Bosque | C15: 9223 | D15: 9223MFAP01 | E15: Canon iR2525 | F15: FRU38986 | G15: 10.10.22.203 | H15: 393975 | I15: 394738 | J15: 763 | K15: 394746 | L15: 8 | S15: 771 | T15: Esta Agencia fue cerrada, Contador: 394746, Fecha 10-10-2016
A16: Metropolitana I | B16: El Bosque | C16: 9223 | D16: 9223MFNE01 | E16: Canon iR1025 | F16: DRL37773 | G16: 10.10.22.202 | H16: 81499 | I16: 81651 | J16: 152 | S16: 152 | T16: Esta Agencia fue cerrada, Contador: 81651, Fecha 10-10-2016
A17: Metropolitana I | B17: Sambil | C17: 9237 | D17: 9237MFGE01 | E17: Canon iR1025 | F17: DRL38010 | G17: 10.10.45.200 | H17: 86575 | I17: 86751 | J17: 176 | K17: 86973 | L17: 222 | S17: 398 | T17: Esta Agencia fue cerrada, Contador: 86976, Fecha 11-10-2016
A18: Metropolitana III | B18: I.B.M | C18: 9938 | D18: 9938MFAP01 | E18: Canon iR1025 | F18: DRL45556 | G18: 10.10.29.201 | H18: 35366 | I18: 35471 | J18: 105 | K18: 35686 | L18: 215 | S18: 320 | T18: Esta Agencia fue cerrada, Contador: 35686, Fecha 14-10-2016
A19: Metropolitana II | B19: El Paraiso II | C19: 9347 | D19: 9347MFAP01 | E19: Canon iR2525 | F19: FRU48558 | G19: 10.14.67.201 | H19: 49324 | I19: 49583 | J19: 259 | K19: 49792 | L19: 209 | S19: 468 | T19: Esta Agencia fue cerrada, Contador: 49792, Fecha 15-10-2016
A20: Metropolitana II | B20: El Paraiso II | C20: 9347 | D20: 9347MFGE01 | E20: Canon iR1025 | F20: DRL54052 | G20: 10.14.67.202 | H20: 167652 | I20: 168254 | J20: 602 | K20: 168527 | L20: 273 | S20: 875 | T20: Esta Agencia fue cerrada, Contador: 168527, Fecha 15-10-2016
A21: Metropolitana II | B21: Esquina Salas | C21: 9949 | D21: 9949MFAP01 | E21: Canon iR2525 | F21: FRU46135 | G21: 10.10.54.201 | H21: 181637 | I21: 182083 | J21: 446 | K21: 182698 | L21: 615 | S21: 1061 | T21: Esta Agencia fue cerrada, Contador: 182698, Fecha 15-10-2016
A22: Metropolitana II | B22: Esquina Salas | C22: 9949 | D22: 9949MFGE01 | E22: Canon iR1025 | F22: DRL51918 | G22: 10.10.54.200 | H22: 57385 | I22: 57485 | J22: 100 | K22: 57631 | L22: 146 | S22: 246 | T22: Esta Agencia fue cerrada, Contador: 57631, Fecha 15-10-2016
A23: Metropolitana III | B23: Boleita Center | C23: 9944 | D23: 9944MFAP01 | E23: Canon iR2525 | F23: FRU46147 | G23: 10.10.38.200 | H23: 120120 | I23: 120498 | J23: 378 | K23: 121072 | L23: 574 | S23: 952 | T23: Esta Agencia fue cerrada, Contador: 121072, Fecha 15-10-2016
A24: Metropolitana III | B24: El Marques II | C24: 9372 | D24: 9372MFAP01 | E24: Canon iR2525 | F24: FRU46103 | G24: 10.14.62.201 | H24: 234808 | I24: 235413 | J24: 605 | K24: 236207 | L24: 794 | S24: 1399 | T24: Esta Agencia fue cerrada, Contador: 236207, Fecha 17-10-2016
A25: Metropolitana III | B25: El Marques II | C25: 9372 | D25: 9372MFGE01 | E25: Canon iR1025 | F25: DRL52655 | G25: 10.14.62.200 | H25: 38300 | I25: 38407 | J25: 107 | K25: 38487 | L25: 80 | S25: 187 | T25: Esta Agencia fue cerrada, Contador: 38487, Fecha 17-10-2016
A26: Metropolitana II | B26: Mercado San Jorge | C26: 9946 | D26: 9946MFGE01 | E26: Canon iR1025 | F26: DRL52644 | G26: 10.10.134.200 | H26: 75361 | I26: 75572 | J26: 211 | K26: 75862 | L26: 290 | S26: 501 | T26: Esta Agencia fue cerrada, Contador: 75862, Fecha 17-10-2016
A27: Metropolitana I | B27: El Bosque | C27: 9223 | D27: 9223MFTQ01 | E27: Canon iR1025 | F27: DRL37782 | G27: 10.10.22.201 | H27: 90437 | I27: 90969 | J27: 532 | K27: 91364 | L27: 395 | M27: 91527 | N27: 163 | S27: 1090 | T27: Esta Agencia fue cerrada, Contador: 91527, Fecha 21-10-2016
A28: Oriente | B28: Gold Country | C28: 9537 | D28: 9537MFAP01 | E28: Canon iR2525 | F28: FRU83003 | G28: 10.10.47.200 | H28: 149695 | I28: 150101 | J28: 406 | K28: 150425 | L28: 324 | M28: 150960 | N28: 535 | S28: 1265 | T28: Esta Agencia fue cerrada, Contador: 150960, Fecha 22-10-2016
A29: Oriente | B29: Gold Country | C29: 9537 | D29: 9537MFTQ01 | E29: Canon iR1025 | F29: DRL64121 | G29: 10.10.47.201 | H29: 52146 | I29: 52274 | J29: 128 | K29: 52418 | L29: 144 | M29: 52613 | N29: 195 | S29: 467 | T29: Esta Agencia fue cerrada, Contador: 52613, Fecha 22-10-2016 ( La impresora fue reemplazada con el S/N: DRL55642 de Agencia Barcelona, Autorizado por Logistica y Soporte en Sitio)
A30: Oriente | B30: Barcelona | C30: 9560 | D30: 9560MFEN01 | E30: Canon iR1025 | F30: DRL55642 | G30: 10.10.90.203 | H30: 146188 | I30: 146636 | J30: 448 | K30: 147072 | L30: 436 | M30: 147653 | N30: 581 | S30: 1465 | T30: La impresora fue reemplazada con el S/N: DRL64121, Autorizado por Logistica y Soporte en Sitio
A31: Carabobo | B31: Guacara | C31: 9424 | D31: 9424MFAP01 | E31: Canon iR2525 | F31: FRU38980 | G31: 10.10.236.200 | H31: 421868 | I31: 423421 | J31: 1553 | K31: 424550 | L31: 1129 | M31: 426552 | N31: 2002 | S31: 4684 | T31: Esta Agencia fue cerrada, Contador: 426522, Fecha 22-10-2016
A32: Carabobo | B32: Guacara | C32: 9424 | D32: 9424MFGE01 | E32: Canon iR1025 | F32: DRL39407 | G32: 10.10.236.201 | H32: 141558 | I32: 141970 | J32: 412 | K32: 143186 | L32: 1216 | M32: 144210 | N32: 1024 | S32: 2652 | T32: Esta Agencia fue cerrada, Contador: 144210, Fecha 22-10-2016
A33: Occidente | B33: Las Playitas | C33: 9812 | D33: 9812MFAP01 | E33: Canon iR2525 | F33: FRU48554 | G33: 10.10.2.201 | H33: 187274 | I33: 188215 | J33: 941 | K33: 189269 | L33: 1054 | M33: 190105 | N33: 836 | S33: 2831 | T33: Esta Agencia fue cerrada, Contador: 190105, Fecha 22-10-2016
A34: Occidente | B34: Las Playitas | C34: 9812 | D34: 9812MFAP01 | E34: Canon iR1025 | F34: DRL45534 | G34: 10.10.2.200 | H34: 76386 | I34: 76839 | J34: 453 | K34: 77028 | L34: 189 | M34: 77320 | N34: 292 | S34: 934 | T34: Esta Agencia fue cerrada, Contador: 77320, Fecha 22-10-2016
A35: Andina | B35: La castellana Mérida | C35: 9958 | D35: 9958MFAP01 | E35: Canon iR2525 | F35: FRU40601 | G35: 10.10.61.200 | H35: 246962 | I35: 247562 | J35: 600 | K35: 248041 | L35: 479 | M35: 248320 | N35: 279 | S35: 1358 | T35: Esta Agencia fue cerrada, Contador: 248320, Fecha 22-10-2016
A36: Andina | B36: La castellana Mérida | C36: 9958 | D36: 9958MFTQ01 | E36: Canon iR1025 | F36: DRL39201 | G36: 10.10.61.201 | H36: 75477 | I36: 75553 | J36: 76 | K36: 75630 | L36: 77 | M36: 75718 | N36: 88 | S36: 241 | T36: Esta Agencia fue cerrada, Contador: 75718, Fecha 22-10-2016
A37: Centro | B37: La Coromoto - Maracay | C37: 9380 | D37: 9380MFAP01 | E37: Canon iR2525 | F37: FRU46152 | G37: 10.11.14.201 | H37: 262103 | I37: 262570 | J37: 467 | K37: 263029 | L37: 459 | M37: 263922 | N37: 893 | S37: 1819 | T37: Esta Agencia fue cerrada, Contador: 263922, Fecha 24-10-2016
A38: Centro | B38: La Coromoto - Maracay | C38: 9380 | D38: 9380MFGE01 | E38: Canon iR1025 | F38: DRL52648 | G38: 10.11.14.200 | H38: 124645 | I38: 124730 | J38: 85 | K38: 125194 | L38: 464 | M38: 125573 | N38: 379 | S38: 928 | T38: Esta Agencia fue cerrada, Contador: 125573, Fecha 24-10-2016
A39: Occidente | B39: Enelco | C39: 9882 | D39: 9882MFAP01 | E39: Canon iR1025 | F39: DRL49249 | G39: 10.14.55.200 | H39: 22526 | I39: 22526 | J39: 0 | S39: 0 | T39: Esta Agencia fue cerrada, Contador: 22526, Fecha 28-10-2016
A40: Region | B40: Nombre Oficina | C40: Codigo de Oficina | D40: Nombre de Host Oficina | E40: DisplayName | F40: Serial | G40: IPv4Address | H40: 42674 | I40: 01-11 al 04-11 | J40: Contador 04-11 | K40: 07-11 al 11-11 | L40: Contador 11-11 | M40: 14-11 al 18-11 | N40: Contador 18-11 | O40: 21-11 al 25-11 | P40: Contador 25-11 | Q40: 28-11 al 30-11 | R40: Contador 30-11 | S40: Contador Mensual | T40: Observaciones
A41: Oriente | B41: C. C. Plaza Mayor | C41: 9561 | D41: 9561MFAP01 | E41: Canon iR1025 | F41: DRL64138 | G41: 10.10.98.200 | H41: 43624 | S41: 0 | T41: Esta Agencia fue cerrada, Contador: 43624, Fecha 01-11-2017
A42: Metropolitana III | B42: C.C.C.T. II | C42: 9441 | D42: 9441MTGE01 | E42: Canon iR1025 | F42: DRL43544 | G42: 10.10.84.201 | H42: 116293 | I42: 116334 | J42: 41 | S42: 41 | T42: Esta Impresora fue retirada por autorizacion de Logistica y Soporte en Sitio, con un contador de 116334, Pendiente por Retirar. Fecha 02-11-2016
A43: Carabobo | B43: Lomas del Este | C43: 9420 | D43: 9420MFCO01 | E43: Canon iR2525 | F43: FRU40515 | G43: 10.10.100.210 | H43: 65461 | I43: 65501 | J43: 40 | S43: 40 | T43: Esta Impresora fue retirada por autorizacion de Logistica y Soporte en Sitio, con un contador de 65501, Pendiente por Retirar. Fecha 04-11-2016
A44: Region | B44: Nombre Oficina | C44: Codigo de Oficina | D44: Nombre de Host Oficina | E44: DisplayName | F44: Serial | G44: IPv4Address | H44: 30-de Nov | I44: 01-12 al 02-12 | J44: Contador 02-12 | K44: 05-12 al 09-12 | L44: Contador 09-12 | M44: 12-12 al 16-12 | N44: Contador 16-12 | O44: 19-12 al 23-12 | P44: Contador 23-12 | Q44: 26-12 al 30-12 | R44: Contador 30-12 | S44: Contador Mensual | T44: Observaciones
A45: Metropolitana III | B45: Plaza Francia | C45: 9394 | D45: 9394MFGE01 | E45: Canon iR1025 | F45: DRL52654 | G45: 10.11.97.201 | H45: 51132 | I45: 51132 | J45: 0 | K45: 51132 | L45: 0 | S45: 0 | T45: Esta Impresora fue retirada por autorizacion de Logistica y Soporte en Sitio, con un contador de 51132, Pendiente por Retirar. Fecha 07-12-2016
A46: Centro Occidente | B46: C.C. Buenaventura Acarigua | C46: 9445 | D46: 9445MFGE01 | E46: Canon iR1025 | F46: DRL45562 | G46: 10.10.220.200 | H46: 104776 | I46: 104776 | J46: 0 | S46: 0 | T46: Esta Impresora fue retirada por autorizacion de Logistica y Soporte en Sitio, con un contador de 104776, Pendiente por Retirar. Fecha 08-12-2016
A47: Metropolitana III | B47: La Urbina | C47: 9284 | D47: 9284MFAP01 | E47: Canon iR2525 | F47: FRU46132 | G47: 10.10.197.200 | H47: 481363 | I47: 481762 | J47: 399 | K47: 482486 | L47: 724 | S47: 1123 | T47: Este equipo se reemplazo por la Impresora 2525 S/N FRU38037, con un contador de 482486, Pendiente por Retirar. Fecha 09-12-2016
A48: Region | B48: Nombre Oficina | C48: Codigo de Oficina | D48: Nombre de Host Oficina | E48: DisplayName | F48: Serial | G48: IPv4Address | H48: 30-de Dic | I48: 02-01 al 06-01 | J48: Contador 06-01 | K48: 09-01 al 13-01 | L48: Contador 13-01 | M48: 16-01 al 20-01 | N48: Contador 20-01 | O48: 23-01 al 27-01 | P48: Contador 27-01 | Q48: 30-01 al 31-01 | R48: Contador 31-01 | S48: Contador Mensual | T48: Observaciones
A49: Andina | B49: Coloncito | C49: 9874 | D49: 9874MFGE01 | E49: Canon iR1025 | F49: DRL64138 | G49: 10.10.76.201 | H49: 61020 | I49: 61183 | J49: 163 | S49: 163 | T49: Esta Impresora fue retirada por autorizacion de Logistica y Soporte en Sitio, con un contador de 61183, Pendiente por Retirar. Fecha 04-01-2017
A50: Occidente | B50: 5 De Julio | C50: 9811 | D50: 9811MFCO01 | E50: Canon iR1025 | F50: DRL45468 | G50: 10.10.194.200 | H50: 177744 | I50: 177790 | J50: 46 | S50: 46 | T50: Esta Impresora fue retirada por autorizacion de Logistica y Soporte en Sitio, con un contador de 177790, Pendiente por Retirar. Fecha 04-01-2017
A51: Centro | B51: Girardot | C51: 9396 | D51: 9396MFGE01 | E51: Canon iR1025 | F51: DRL54958 | G51: 10.10.219.230 | H51: 83076 | I51: 83505 | J51: 429 | S51: 429 | T51: Esta Impresora fue retirada por autorizacion de Logistica y Soporte en Sitio, con un contador de 83505, Pendiente por Retirar. Fecha 04-01-2017
A52: Centro Occidente | B52: Sambil Barquisimeto | C52: 9446 | D52: 9446MFGE01 | E52: Canon iR1025 | F52: DRL51796 | G52: 10.10.52.200 | H52: 119245 | I52: 119245 | J52: 0 | K52: 119245 | L52: 0 | S52: 0 | T52: Esta Impresora fue retirada por autorizacion de Logistica y Soporte en Sitio, con un contador de 59312, Pendiente por Retirar. Fecha 04-01-2017
A53: Oriente | B53: El Tigrito | C53: 9681 | D53: 9681MFCO01 | E53: Canon iR1025 | F53: DRL64109 | G53: 10.10.93.201 | H53: 24481 | I53: 24492 | J53: 11 | S53: 11 | T53: Esta Impresora fue retirada por autorizacion de Logistica y Soporte en Sitio, con un contador de 24492, Pendiente por Retirar. Fecha 04-01-2017
A54: Andina | B54: Sambil San Cristobal | C54: 9947 | D54: 9947MFTQ01 | E54: Canon iR1025 | F54: DRL39442 | G54: 10.10.18.202 | H54: 65791 | I54: 65991 | J54: 200 | S54: 200 | T54: Esta Impresora fue retirada por autorizacion de Logistica y Soporte en Sitio, con un contador de 65991, Pendiente por Retirar. Fecha 04-01-2017
A55: Carabobo | B55: Shopping Center | C55: 9405 | D55: 9405MFAP01 | E55: Canon iR1025 | F55: DRL45548 | G55: 10.10.17.210 | H55: 205292 | I55: 205346 | J55: 54 | S55: 54 | T55: Esta Impresora fue retirada por autorizacion de Logistica y Soporte en Sitio, con un contador de 205346, Pendiente por Retirar. Fecha 05-01-2017
A56: Centro | B56: Maracay II | C56: 9388 | D56: 9388MFTQ01 | E56: Canon iR1025 | F56: DRL53995 | G56: 10.14.66.200 | H56: 51407 | I56: 51500 | J56: 93 | S56: 93 | T56: Esta Impresora fue retirada por autorizacion de Logistica y Soporte en Sitio, con un contador de 51500, Pendiente por Retirar. Fecha 05-01-2017
A57: Sur | B57: C. C. Monagas Plaza | C57: 9658 | D57: 9658MFGE01 | E57: Canon iR1025 | F57: DRL64170 | G57: 10.10.160.201 | H57: 13952 | I57: 13963 | J57: 11 | S57: 11 | T57: Esta Impresora fue retirada por autorizacion de Logistica y Soporte en Sitio, con un contador de 13963, Pendiente por Retirar. Fecha 05-01-2017
A58: Sur | B58: Maturin | C58: 9530 | D58: 9530MFTQ01 | E58: Canon iR1025 | F58: DRL64172 | G58: 10.10.165.207 | H58: 138036 | I58: 138164 | J58: 128 | S58: 128 | T58: Esta Impresora fue retirada por autorizacion de Logistica y Soporte en Sitio, con un contador de 138164, Pendiente por Retirar. Fecha 05-01-2017
A59: Centro Occidente | B59: Metropolis Barquisimeto | C59: 9442 | D59: 9442MFCO01 | E59: Canon ir1025 | F59: DRL54793 | G59: 10.10.152.200 | H59: 67296 | I59: 67377 | J59: 81 | S59: 81 | T59: Esta Impresora fue retirada por autorizacion de Logistica y Soporte en Sitio, con un contador de 67377, Pendiente por Retirar. Fecha 05-01-2017
A60: Metropolitana II | B60: Los Teques II | C60: 9345 | D60: 9345MFTQ01 | E60: Canon iR1025 | F60: DRL64075 | G60: 10.14.51.201 | H60: 35399 | I60: 35471 | J60: 72 | S60: 72 | T60: Esta Impresora fue retirada por autorizacion de Logistica y Soporte en Sitio, con un contador de 35471, Pendiente por Retirar. Fecha 05-01-2017
A61: Metropolitana II | B61: La Cascada | C61: 9276 | D61: 9276MFGE01 | E61: Canon iR1025 | F61: DRL52040 | G61: 10.10.43.200 | H61: 24081 | I61: 24156 | J61: 75 | S61: 75 | T61: Esta Impresora fue retirada por autorizacion de Logistica y Soporte en Sitio, con un contador de 24156, Pendiente por Retirar. Fecha 05-01-2017
A62: Oriente | B62: Ameriven II | C62: 9666 | D62: 9666MFGE01 | E62: Canon iR1025 | F62: DRL64111 | G62: 10.10.103.200 | H62: 15415 | I62: 15415 | J62: 0 | S62: 0 | T62: Esta Agencia fue cerrada, Contador: 15415, Fecha 05-01-2017
A63: Metropolitana I | B63: La Castellana | C63: 9259 | D63: 9259MFTQ01 | E63: Canon iR1025 | F63: DRL37792 | G63: 10.10.67.201 | H63: 88170 | I63: 88367 | J63: 197 | S63: 197 | T63: Esta Impresora fue retirada por autorizacion de Logistica y Soporte en Sitio, con un contador de 88367, Pendiente por Retirar. Fecha 06-01-2017
A64: Metropolitana III | B64: Altamira | C64: 9221 | D64: 9221MFTQ01 | E64: Canon iR1025 | F64: DRL52656 | G64: 10.10.141.201 | H64: 95060 | I64: 95164 | J64: 104 | S64: 104 | T64: Esta Impresora fue retirada por autorizacion de Logistica y Soporte en Sitio, con un contador de 95164, Pendiente por Retirar. Fecha 06-01-2017
A65: Centro | B65: San Fernando De Apure | C65: 9360 | D65: 9360MFCO01 | E65: Canon iR1025 | F65: DRL52665 | G65: 10.10.75.205 | H65: 30442 | I65: 30468 | J65: 26 | S65: 26 | T65: Esta Impresora fue retirada por autorizacion de Logistica y Soporte en Sitio, con un contador de 30468, Pendiente por Retirar. Fecha 06-01-2017
... A70: Metropolitana III | B70: Plaza Francia | C70: 9394 | D70: 9394MFBP01 | E70: Canon iR2525 | F70: DRL43584 | G70: 10.11.97.206 | H70: 264671 | I70: 264701 | J70: 30 | S70: 30 | T70: Esta Impresora fue traslada a la Agencia de Chuao por autorizacion de Logistica y Soporte en Sitio, Dpto. Banca Privada, Contador: 264671, Fecha 11-01-2017
A71: Occidente | B71: La Cañada | C71: 9883 | D71: 9883MFCO01 | E71: Canon iR1025 | F71: DRL54956 | G71: 10.14.15.201 | H71: 44299 | I71: 44446 | J71: 147 | K71: 44544 | L71: 98 | S71: 245 | T71: Esta Impresora fue retirada por autorizacion de Logistica y Soporte en Sitio, Contador: 44544,Pendiente por Retirar. Fecha 12-01-2017
A72: Oriente | B72: Carupano | C72: 9570 | D72: 9570MFGE01 | E72: Canon iR1025 | F72: DRL43585 | G72: 10.10.129.200 | H72: 110884 | I72: 111475 | J72: 591 | K72: 111481 | L72: 6 | S72: 597 | T72: Esta Impresora fue retirada por autorizacion de Logistica y Soporte en Sitio, Contador: 111481, Pendiente por Retirar Fecha 12-01-2017
A73: Metropolitana I | B73: Campo Alegre | C73: 9970 | D73: 9970MFCO01 | E73: Canon iR1025 | F73: DRL37946 | G73: 10.14.80.201 | H73: 91104 | I73: 91329 | J73: 225 | K73: 91388 | L73: 59 | S73: 284 | T73: Esta Impresora fue retirada por autorizacion de Logistica y Soporte en Sitio, contador de 91388, Pendiente por Retirar. Fecha 12-01-2017
A74: Occidente | B74: Ciudad Ojeda | C74: 9816 | D74: 9816MFGE01 | E74: Canon iR1025 | F74: DRL52596 | G74: 10.10.72.202 | H74: 152637 | I74: 152641 | J74: 4 | K74: 152642 | L74: 1 | S74: 5 | T74: Esta Impresora fue retirada por autorizacion de Logistica y Soporte en Sitio, contador de 152642 Pendiente por Retirar. Fecha 13-01-2017
A75: Oriente | B75: Irapa | C75: 9640 | D75: 9640MFGE01 | E75: Canon iR1025 | F75: DRL45552 | G75: 10.11.33.200 | H75: 24438 | I75: 24578 | J75: 140 | K75: 24598 | L75: 20 | S75: 160 | T75: Esta Impresora fue retirada por autorizacion de Logistica y Soporte en Sitio, contador de 24598, Pendiente por Retirar. Fecha 12-01-2017
A76: Sur | B76: Matanzas | C76: 9550 | D76: 9550MFGE01 | E76: Canon iR1025 | F76: DRL61555 | G76: 10.14.94.202 | H76: 26770 | I76: 26840 | J76: 70 | K76: 26861 | L76: 21 | S76: 91 | T76: Esta Impresora fue retirada por autorizacion de Logistica y Soporte en Sitio, contador de 26861, Pendiente por Retirar. Fecha 13-01-2017
A77: Occidente | B77: Bachaquero | C77: 9843 | D77: 9843MFGE01 | E77: Canon iR1025 | F77: DRL49247 | G77: 10.10.32.200 | H77: 39179 | I77: 39246 | J77: 67 | K77: 39260 | L77: 14 | S77: 81 | T77: Esta Impresora fue retirada por autorizacion de Logistica y Soporte en Sitio, contador de 39260, Pendiente por Retirar. Fecha 10-01-2017
A78: Metropolitana III | B78: C.C. Lider | C78: 9282 | D78: 9282LMFTQ01 | E78: Canon iR1025 | F78: DRL54291 | G78: 10.10.162.203 | H78: 77688 | I78: 77885 | J78: 197 | K78: 78037 | L78: 152 | S78: 349 | T78: Esta Impresora fue retirada por autorizacion de Logistica y Soporte en Sitio, contador de 78037, Pendiente por Retirar. Fecha 12-01-2017
A79: Metropolitana III | B79: C.C. Milenium | C79: 9911 | D79: 9911MFTQ01 | E79: Canon iR1025 | F79: DRL61684 | G79: 10.10.12.201 | H79: 60166 | I79: 60447 | J79: 281 | K79: 60690 | L79: 243 | S79: 524 | T79: Esta Impresora fue retirada por autorizacion de Logistica y Soporte en Sitio, contador de 60690, Pendiente por Retirar. Fecha 12-01-2017
A80: Metropolitana I | B80: Av. Francisco Solano | C80: 9214 | D80: 9214MFGE01 | E80: Canon iR1025 | F80: DRL37949 | G80: 10.10.6.200 | H80: 90604 | I80: 90675 | J80: 71 | K80: 90757 | L80: 82 | S80: 153 | T80: Esta Impresora fue retirada por autorizacion de Logistica y Soporte en Sitio, contador de 90757, Pendiente por Retirar. Fecha 16-01-2017
A81: Metropolitana I | B81: La Pelota | C81: 9235 | D81: 9235MFCO01 | E81: Canon iR1025 | F81: DRL37790 | G81: 10.10.127.201 | H81: 38488 | I81: 38556 | J81: 68 | K81: 38602 | L81: 46 | S81: 114 | T81: Esta Impresora fue retirada por autorizacion de Logistica y Soporte en Sitio, contador de 38602, Pendiente por Retirar. Fecha 16-01-2017
A82: Metropolitana III | B82: Chuao | C82: 9271 | D82: 9271MFCO01 | E82: Canon iR1025 | F82: DRL51891 | G82: 10.10.211.203 | H82: 39365 | I82: 39433 | J82: 68 | K82: 39529 | L82: 96 | S82: 164 | T82: Esta Impresora fue retirada por autorizacion de Logistica y Soporte en Sitio, contador de 39529, Pendiente por Retirar. Fecha 16-01-2017
A83: Metropolitana III | B83: Las Mercedes | C83: 9225 | D83: 9225MFGE01 | E83: Canon iR1025 | F83: DRL54328 | G83: 10.10.243.200 | H83: 106724 | I83: 106829 | J83: 105 | K83: 107024 | L83: 195 | S83: 300 | T83: Esta Impresora fue retirada por autorizacion de Logistica y Soporte en Sitio, contador de 107024, Pendiente por Retirar. Fecha 16-01-2017
A84: Metropolitana I | B84: Casa Bera | C84: 9203 | D84: 9203MFTQ01 | E84: Canon iR1025 | F84: DRL38012 | G84: 10.14.72.202 | H84: 64118 | I84: 64415 | J84: 297 | K84: 64677 | L84: 262 | M84: 64775 | N84: 98 | S84: 657 | T84: Esta Impresora fue retirada por autorizacion de Logistica y Soporte en Sitio, contador de 64775, Pendiente por Retirar. Fecha 17-01-2017
A85: Metropolitana II | B85: San Martin | C85: 9253 | D85: 9253MFGE01 | E85: Canon iR1025 | F85: DRL49231 | G85: 10.11.18.201 | H85: 52619 | I85: 52735 | J85: 116 | K85: 52788 | L85: 53 | M85: 52812 | N85: 24 | S85: 193 | T85: Esta Impresora fue retirada por autorizacion de Logistica y Soporte en Sitio, contador de 52812, Pendiente por Retirar. Fecha 17-01-2017
A86: Metropolitana I | B86: Chacao | C86: 9234 | D86: 9234MFTQ01 | E86: Canon iR1025 | F86: DRL37785 | G86: 10.10.85.201 | H86: 64264 | I86: 64589 | J86: 325 | K86: 64833 | L86: 244 | M86: 64964 | N86: 131 | S86: 700 | T86: Esta Impresora fue retirada por autorizacion de Logistica y Soporte en Sitio, contador de 64964, Pendiente por Retirar. Fecha 18-01-2017
A87: Metropolitana I | B87: C.C. Galerias El Recreo | C87: 9955 | D87: 9955MFCO01 | E87: Canon iR1025 | F87: DRL37939 | G87: 10.10.167.201 | H87: 61151 | I87: 61315 | J87: 164 | K87: 61566 | L87: 251 | M87: 61733 | N87: 167 | S87: 582 | T87: Esta Impresora fue retirada por autorizacion de Logistica y Soporte en Sitio, contador de 61733, Pendiente por Retirar. Fecha 19-01-2017
A88: Metropolitana I | B88: Centro Sambil II | C88: 9924 | D88: 9924MFTQ01 | E88: Canon iR1025 | F88: DRL37991 | G88: 10.14.5.200 | H88: 56376 | I88: 56506 | J88: 130 | K88: 56635 | L88: 129 | M88: 56733 | N88: 98 | S88: 357 | T88: Esta Impresora fue retirada por autorizacion de Logistica y Soporte en Sitio, contador de 56733, Pendiente por Retirar. Fecha 19-01-2017
A89: Metropolitana I | B89: San Bernardino | C89: 9216 | D89: 9216MFGE01 | E89: Canon iR2525 | F89: FRU38032 | G89: 10.10.24.202 | H89: 163700 | I89: 163836 | J89: 136 | K89: 164071 | L89: 235 | M89: 164216 | N89: 145 | O89: 164225 | P89: 9 | S89: 525 | T89: Esta Impresora fue retirada por autorizacion de Logistica y Soporte en Sitio, contador de 164225, Pendiente por Retirar. Fecha 23-01-2017
A90: Centro | B90: Maracay | C90: 9310 | D90: 9310MFGE02 | E90: Canon iR1025 | F90: DRL52664 | G90: 10.10.244.203 | H90: 75456 | I90: 75456 | J90: 0 | K90: 75456 | L90: 0 | M90: 75456 | N90: 0 | O90: 75456 | P90: 0 | S90: 0 | T90: Esta Impresora fue retirada por autorizacion de Logistica y Soporte en Sitio, contador de 75456, Pendiente por Retirar. Fecha 23-01-2017
A91: Centro | B91: Turmero | C91: 9391 | D91: 9391MFGE01 | E91: Canon iR1025 | F91: DRL43541 | G91: 10.10.112.201 | H91: 66242 | I91: 66242 | J91: 0 | K91: 66242 | L91: 0 | M91: 66246 | N91: 4 | O91: 66246 | P91: 0 | S91: 4 | T91: Esta Impresora fue retirada por autorizacion de Logistica y Soporte en Sitio, contador de 66246, Pendiente por Retirar. Fecha 26-01-2017
A92: Region | B92: Nombre Oficina | C92: Codigo de Oficina | D92: Nombre de Host Oficina | E92: DisplayName | F92: Serial | G92: IPv4Address | H92: 31/01/17 | I92: 01-02 al 03/02 | J92: Contador 03-02 | K92: 06-02 al 10/02 | L92: Contador 10-02 | M92: 13-02 al 17/02 | N92: Contador 17-02 | O92: 20-02 al 24/02 | P92: Contador 24-02 | Q92: Contador Mensual | R92: Observaciones
A93: Metropolitana I | B93: Principal | C93: 9217 | D93: 9217MFTQ01 | E93: Canon iR1025 | F93: DRL37910 | G93: 10.0.40.206 | H93: 134590 | I93: 134689 | J93: 99 | Q93: 99 | R93: Esta Impresora fue retirada por autorizacion de Logistica y Soporte en Sitio, contador de 1346895, Pendiente por Retirar. Fecha 02-02-2017
A94: Metropolitana I | B94: Principal | C94: 9217 | D94: 9217MFCO01 | E94: Canon iR1025 | F94: DRL21807 | G94: 10.0.40.202 | H94: 68080 | I94: 68082 | J94: 2 | Q94: 2 | R94: Esta Impresora fue retirada por autorizacion de Logistica y Soporte en Sitio, contador de 68082, Pendiente por Retirar. Fecha 02-02-2017
A95: Oriente | B95: Boulevard Sucre | C95: 9678 | D95: 9678MFGE01 | E95: Canon iR1025 | F95: DRL54876 | G95: 10.10.144.200 | H95: 255215 | I95: 255215 | J95: 0 | K95: 255215 | L95: 0 | M95: 255215 | N95: 0 | O95: 255215 | P95: 0 | Q95: 0 | R95: Esta Impresora fue retirada por autorizacion de Logistica y Soporte en Sitio, contador de 255215, Pendiente por Retirar. Fecha 20-02-2017
A96: Oriente | B96: Boulevard Sucre | C96: 9678 | D96: 9678MFAP01 | E96: Canon iR2525 | F96: FRU47932 | G96: 10.10.144.204 | H96: 301567 | I96: 302401 | J96: 834 | K96: 303891 | L96: 1490 | M96: 305464 | N96: 1573 | O96: 306044 | P96: 580 | Q96: 4477 | R96: Esta Impresora fue reemplaza por la FRU48558 ,Autorizado por Logistica y Soporte en Sitio, contador de 306044, Pendiente por Retirar. Fecha 20-02-2017
A97: Region | B97: Nombre Oficina | C97: Codigo de Oficina | D97: Nombre de Host Oficina | E97: DisplayName | F97: Serial | G97: IPv4Address | H97: 24/02/17 | I97: 01-03 al 03/03 | J97: Contador 03-03 | K97: 06-03 al 10/03 | L97: Contador 10-03 | M97: 13-03 al 17/03 | N97: Contador 17-03 | O97: 20-03 al 24/03 | P97: Contador 24-03 | Q97: 27-03 al 31/03 | R97: Contador 31-03 | S97: Contador Mensual | T97: Observaciones
A98: Sur | B98: Maturin La Cascada | C98: 9503 | D98: 9503MFGE01 | E98: Canon iR1025 | F98: DRL64144 | G98: 10.10.1.200 | H98: 35755 | I98: 35888 | J98: 133 | K98: 35901 | L98: 13 | M98: 35946 | N98: 45 | O98: 35977 | P98: 31 | Q98: 35981 | R98: 4 | S98: 226 | T98: Esta Impresora fue reemplazada por 1025 DRL37786 el 28-03-2017
A99: Region | B99: Nombre Oficina | C99: Codigo de Oficina | D99: Nombre de Host Oficina | E99: DisplayName | F99: Serial | G99: IPv4Address | H99: 42886 | I99: 01-06 al 02/06 | J99: Contador 02-06 | K99: 05-06 al 09/06 | L99: Contador 09-06 | M99: 12-06 al 16/06 | N99: Contador 16-06 | O99: 19-06 al 23/06 | P99: Contador 23-06 | Q99: 26-06 al 30/06 | R99: Contador 30-06 | S99: Contador Mensual | T99: Observaciones
A100: Metropolitana III | B100: Filas De Mariche | C100: 9288 | D100: 9288MFGE01 | E100: Canon iR1025 | F100: DRL55640 | G100: 10.10.241.201 | H100: 57524 | I100: 57543 | J100: 19 | K100: 57589 | L100: 46 | M100: 57597 | N100: 8 | S100: 73
A101: Region | B101: Nombre Oficina | C101: Codigo de Oficina | D101: Nombre de Host Oficina | E101: DisplayName | F101: Serial | G101: IPv4Address | H101: 30/06/2017 | I101: 03-07 al 07/07 | J101: Contador 07-07 | K101: 10-07 al 14/07 | L101: Contador 14-07 | M101: 17-07 al 21/07 | N101: Contador 21-07 | O101: 24-07 al 28/07 | P101: Contador 28-07 | Q101: 31-07 | R101: Contador 31-07 | S101: Contador Mensual | T101: Observaciones
A102: Metropolitana III | B102: Universidad Simon Bolivar | C102: 9928 | D102: 9928MFAP01 | E102: Canon iR1025 | F102: DRL55644 | G102: 10.14.81.200 | H102: 80339 | I102: 80464 | J102: 125 | K102: 80494 | L102: 30 | S102: 155 | T102: Esta Impresora fue retirada por autorizacion de Logistica y Soporte en Sitio ya que presenta falla en la tarjeta de imagen procesor PCB Assembly contador de 80494, se encuentra en resguardo Nivel 3. Fecha 17-07-2017
A103: Sur | B103: Unare - Pto. Ordaz | C103: 9611 | D103: 9611MFAP01 | E103: Canon iR2525 | F103: FRU83455 | G103: 10.10.56.201 | H103: 416587 | I103: 417264 | J103: 677 | K103: 417264 | L103: 0 | M103: 418252 | N103: 988 | S103: 1665 | T103: Esta Impresora fue retirada por autorizacion de Logistica y Soporte en Sitio ya que presenta falla en la Duplex, contador de 418252, Pendiente por Retirar. Fecha 20-07-2017/Impresora se encuentra en la torre piso 11
A104: Region | B104: Nombre Oficina | C104: Codigo de Oficina | D104: Nombre de Host Oficina | E104: DisplayName | F104: Serial | G104: IPv4Address | H104: 31/07/2017 | I104: 01-08 al 04/08 | J104: Contador 04-08 | K104: 07-08 al 11/08 | L104: Contador 11-08 | M104: 14-08 al 18/08 | N104: Contador 18-08 | O104: 21-08 al 25/08 | P104: Contador 25-08 | Q104: 28-08 al 31/08 | R104: Contador 31-08 | S104: Contador Mensual | T104: Observaciones
...

Sheet Hoja1
D4: Region | E4: Nombre Oficina
D5: Carabobo | E5: El Palito
D6: Centro | E6: El Palmar
D7: Occidente | E7: Zona Industrial - Maracaibo
D8: Occidente | E8: Zona Industrial - Maracaibo
D9: Occidente | E9: Bachaquero
D11: Region | E11: Nombre Oficina | F11: Modelo de Equipo
D12: Carabobo | E12: El Palito | F12: IR1025
D13: Occidente | E13: Bachaquero | F13: IR2525
D14: Occidente | E14: Plaza Alonso De Ojeda | F14: IR1025
D15: Occidente | E15: Plaza Alonso De Ojeda | F15: IR2525
D16: Occidente | E16: Zona Industrial - Maracaibo | F16: IR1025
D17: Occidente | E17: Zona Industrial - Maracaibo | F17: IR2525
D18: Occidente | E18: Zona Industrial II - Maracaibo | F18: IR1025
D19: Occidente | E19: Zona Industrial II - Maracaibo | F19: IR2525

Sheet Eliminadas 2021-2022
B1: Agencias
A2: Oriente | B2: El Tigrito | C2: 9681 | D2: 9681MFAP01 | E2: Canon iR2525 | F2: FRU82405 | G2: 10.10.93.202 | I2: Oficina cerrada temporalmente 10-10-2019
A3: Metropolitana II | B3: Filas De Mariche | C3: 9288 | D3: 9288MFAP01 | E3: Canon iR2525 | F3: FRU47921 | G3: 10.10.241.200 | I3: Oficina cerrada temporalmente 12-08-2019 S/N FRU47921 Contador: 247975
A4: Centro Occidente | B4: Metropolis Barquisimeto | C4: 9442 | D4: 9442MFAP01 | E4: Canon iR2525 | F4: FRU47909 | G4: 10.10.152.201 | I4: Cierre de la agencia definitivamente 11/12/2019
A5: Centro Occidente | B5: Barquisimeto - Este | C5: 9839 | D5: 9839MFAP01 | E5: Canon iR2525 | F5: FRU46152 | G5: 10.10.2.201 | I5: Se cambio IP el 09-11-2017 por autorizacion del Banco/Agencia cerrada definitivamente 05/12/2019
A6: Occidente | B6: La Cañada | C6: 9883 | D6: 9883MFAP01 | E6: Canon iR2525 | F6: FRU46128 | G6: 10.14.15.200 | I6: Cierre definitivo de la agencia 09/12/2019
A7: Centro Occidental | B7: Centro Cientifico Metropolitano del Norte | C7: 9481 | D7: 9481MFAP01 | E7: Canon iR2525 | F7: FRU39277 | G7: 10.10.19.201 | I7: Oficina cerrada el día 18-06-2019
A8: Metropolitana I | B8: Centro Sambil II | C8: 9924 | D8: 9924MFAP01 | E8: Canon iR2525 | F8: FRU38015 | G8: 10.14.5.201 | I8: Se desincorpora la impresora por el cierre de la agencia 14/01/2022
A9: Metropolitana I | B9: La Florida | C9: 9222 | D9: 9222MFEN01 | E9: Canon iR2525 | F9: FRU37964 | G9: 10.10.253.201 | I9: Oficina cerrada temporalmente 22-10-2019
A10: Oriente | B10: El Tigrito | C10: 9681 | D10: 9681MFGE01 | E10: Canon iR1025 | F10: DRL64112 | G10: 10.10.93.200 | I10: Oficina cerrada temporalmente 10-10-2019
A11: Oriente | B11: Corp. Emp. Mitsubishi | C11: 9583 | D11: 9583MFAP01 | E11: Canon iR1025 | F11: DRL64106 | G11: 10.10.151.201 | I11: Equipo no ha reportado impresiones/Oficina cerrada temporalmente 15-10-2019
A12: Oriente | B12: Corp. El Morichal / Maturin | C12: 9651 | D12: 9651MFAP01 | E12: Canon iR1025 | F12: DRL61554 | G12: 10.10.228.200 | I12: Oficina cerrada temporalmente
A13: Metropolitana I | B13: Principal | C13: 9217 | D13: 9217MFAP02 | E13: Canon iR1025 | F13: DRL54336 | G13: 10.0.40.207 | I13: Equipo instalado en foyer del auditorio en calidad de prestamo para atencion al cliente (CONT. 227.847) 30-06-2020/Se cambio la ip de la 10.0.40.205 a la 10.0.40.207 06/08/202/Se desincorpora y se embala la impresora y se encuentra en el piso 11 en resguardo 30/11/2021/Se instala en el piso 11 area de logistica y soporte en sitio con autorizacion 16/12/2021 ya que la DRL37939 PRESENTABA FALLAS CON EL ADF/Equipo se encuentra en resguardo en el nivel 3 ya que no fue necesario instalarla en el piso 11
A14: Metropolitana II | B14: San Francisco (H) | C14: 9211 | D14: 9211MFAP02 | E14: Canon iR1025 | F14: DRL54055 | G14: 10.11.29.201 | I14: Equipo Desincorporado y Embalado DRL54055 Contador: 305698 Fecha: 29/05/2019 Pendiente por retirar/Equipo con fallas del Drum y Fusor desde el 17/09/2018/Impresora ya se encuentra en la torre 19/05/2022
A15: Occidente | B15: Las Virtudes | C15: 9860 | D15: 9860MFAP01 | E15: Canon iR1025 | F15: DRL52041 | G15: 10.10.62.200 | I15: Agencia cerrada Definitivamente 06/03/2020
A16: Metropolitana III | B16: Makro - La Urbina | C16: 9275 | D16: 9275MFAP01 | E16: Canon iR1025 | F16: DRL51891 | G16: 10.11.41.203 | I16: Esta impresora fue reemplazada por el equipo DRL51891 en sustitución del DRL54336 por fallas en el mecanismo de impresión, autorizado por la mesa de servicio cambio realizado el 24/10/2018/Impresora desincorporada y embalada por el cierre de la agencia 07/12/2021
A17: Centro Occidental | B17: El Palito | C17: 9473 | D17: 9473MFAP01 | E17: Canon iR1025 | F17: DRL45542 | G17: 10.11.4.11 | I17: Oficina cerrada temporalmente 25-06-2019
A18: Centro Occidental | B18: Sambil Valencia | C18: 9461 | D18: 9461MFTQ01 | E18: Canon iR1025 | F18: DRL45434 | G18: 10.10.150.202 | I18: Se procede al embalaje de esta impresora por autorizacion de logistica y Soporte en sitio el dia 09-10-2019
A19: Centro Occidente | B19: Cabudare | C19: 9859 | D19: 9859MFGE01 | E19: Canon iR1025 | F19: DRL43608 | G19: 10.10.159.201 | I19: Equipo con falla de Drum/Equipo desincorporada ya que presentaba multiples fallas por autorizacion de logistica y soporte en sitio 07/01/2020
A20: Centro | B20: Makro Maracay | C20: 9381 | D20: 9381MFAP01 | E20: Canon iR1025 | F20: DRL43574 | G20: 10.10.111.200 | I20: Desincorporada y embalada 14/12/2021
A21: Carabobo | B21: Firestone | C21: 9479 | D21: 9479MFAP01 | E21: Canon iR1025 | F21: DRL39437 | G21: 10.10.114.200 | I21: Falla de Comunicación desde el 21-05-2018/Agencia cerrada Definitivamente 06/12/2019
A22: Metropolitana I | B22: La Florida | C22: 9222 | D22: 9222MFTQ01 | E22: Canon iR1025 | F22: DRL37942 | G22: 10.10.253.203 | I22: Oficina cerrada temporalmente 22-10-2019
... A26: Oriente | B26: San Felix | C26: 9650 | D26: 9650MFAP01 | E26: Canon iR2525 | F26: FRU83458 | G26: 10.11.26.200 | I26: Equipo embalado por autorización de Logística y soporte en sitio cont. 502076 07/10/2021. Equipo con fallas/Equipo se encuentra en torre en nivel 3
A27: Metropolitana II | B27: Plaza Las Americas | C27: 9289 | D27: 9289MFTQ01 | E27: Canon iR1025 | F27: DRL54906 | I27: Activa sin impresiones/Se desincorpora la impresora ya que tiene la puerta de bandeja manual partida y la base de la puerta partida el dia 26/09/2022 y se encuentra en la torre
A28: Metropolitana II | B28: Clinica Santa Sofia | C28: 9395 | D28: 9395MFCO01 | E28: Canon iR1025 | F28: DRL45545 | G28: 10.11.101.201 | I28: Oficina cerrada temporalmente/Impresora se encuentra en la torre nivel 3 el dia 06/10/2022
A29: Metropolitana II | B29: Campo Alegre | C29: 9970 | D29: 9970MFCO01 | E29: Canon iR1025 | F29: DRL37946 | G29: 10.14.80.201 | I29: Equipo con Falla de DrumSe reemplazo Drum 06/04/2022/Cierre temporalmente de la agencia 16/06/2022/Impresora ya se encuentra en la torre nivel 3
A30: Metropolitana II | B30: Campo Alegre | C30: 9970 | D30: 9970MFAP01 | E30: Canon iR2525 | F30: FRU38050 | G30: 10.14.80.200 | I30: Cierre temporalmente de la agencia 16/06/2022/Impresora ya se encuentra en la torre nivel 3
A31: Metropolitana II | B31: Las Mercedes | C31: 9225 | D31: 9225MFCO01 | E31: Canon iR1025 | F31: DRL52038 | G31: 10.10.243.207 | I31: Impresora se encuentra en la torre nivel 3
A32: Centro Occidental | B32: Villa de Cura | C32: 9390 | D32: 9390MFGE01 | E32: Canon iR1025 | F32: DRL43558 | G32: 10.10.128.230 | I32: Oficina cerrada temporalmente
A33: Centro Occidental | B33: Villa de Cura | C33: 9390 | D33: 9390MFAP01 | E33: Canon iR2525 | F33: FRU46113 | G33: 10.10.128.200 | I33: Oficina cerrada temporalmente
A34: Metropolitana I | B34: San Bernardino | C34: 9216 | D34: 9216MFCO01 | E34: Canon iR1025 | F34: DRL37789 | G34: 10.10.24.200 | I34: Oficina Cerrada
A35: Metropolitana I | B35: San Bernardino | C35: 9216 | D35: 9216MFAP01 | E35: Canon iR2525 | F35: FRU38049 | G35: 10.10.24.201 | I35: Oficina Cerrada
A36: Metropolitana II | B36: Chuao | C36: 9271 | D36: 9271MFBP02 | E36: Canon iR1025 | F36: DRL43584 | I36: Se desincorpora esta impresora y se reemplaza en la agencia por la Canon IR1025 DRL43584 por presenta la base y soporte de la puerta lateral partidos 14/03/2023 y se encuentra en la torre piso 11
A37: Oriente | B37: Puerto Ordaz Oficina | C37: 9510 | D37: 9510MFNE01 | E37: Canon iR1025 | F37: DRL43810 | G37: 10.10.161.200 | I37: Equipo con falla de Drum/Equipo embalado el dia 01/04
A38: Metropolitana II | B38: Buenaventura | C38: 9908 | D38: 9908MFTQ01 | E38: Canon iR1025 | F38: DRL45558 | G38: 10.10.44.201 | I38: Se desincorpora por presentar varias fallas y se encuentra en la torre 04/04/2023
A39: Centro Occidental | B39: Turen | C39: 9858 | D39: 9858MFGE01 | E39: Canon iR1025 | F39: DRL54000 | G39: 10.10.16.200 | I39: Se llamo a la agencia pero no hubo comunicación para validar por que se encuentra sin impresiones/Se desincorpora y se embala la impresora por presentar fallas con autorizacion de logistica y soporte en sitio el dia 11/03/2022/La Impresora se encuentra en el nivel 3 20/04/2023
A41: Occidente | B41: Punto Fijo | C41: 9817 | D41: 9817MFGE01 | E41: Canon iR1025 | F41: DRL55629 | G41: 10.10.147.201 | I41: Equipo embalado por autorización de Logística y soporte en sitio cont. 116456 11/07/2019/Impresora se encuentra en la torre nivel 3 04/05/2023/Impresora se encuentra en la torre nivel 3
A42: Centro Occidental | B42: Puerto Cabello | C42: 9470 | D42: 9470MFGE01 | E42: Canon iR1025 | F42: DRL43595 | G42: 10.10.222.201 | I42: Impresora con fallas de Drum/Se desincorpora y se embala la impresora por presentar fallas con autorizacion 28/03/2023/Impresora se encuentra en la torre nivel 3
A43: Occidente | B43: Sambil Maracaibo | C43: 9878 | D43: 9878MFGE01 | E43: Canon iR1025 | F43: DRL43562 | G43: 10.14.84.201 | I43: Impresora con fallas de Drum/Se desincorpora y se embala la impresora con autorizacion de logistica y soporte en sitio 03/04/2023/Impresora se encuentra en la torre nivel 3 16/05/2023
A44: Occidente | B44: Plaza Republica | C44: 9813 | D44: 9813MFSE01 | E44: Canon iR1025 | F44: DRL49252 | I44: Se desincorpora la impresora por presentar partes dañadas y se instala la DRL45567 EL DIA 28/09/2022/Impresora se encuentra en la torre nivel 3 16/05/2023
A45: Occidente | B45: 5 De Julio II | C45: 9857 | D45: 9857MFGE01 | E45: Canon iR1025 | F45: DRL51789 | G45: 10.14.14.200 | I45: Se desincorpora y se embala la impresora por autorizacion 23/03/2023/Impresora se encuentra en la torre nivel 3 16/05/2023
A46: Occidente | B46: Cabimas | C46: 9815 | D46: 9815MFGE01 | E46: Canon iR1025 | F46: DRL52597 | G46: 10.10.135.203 | I46: Equipo con fallas(drum,fusor,tapa lateral partida y unidad de imagen)/Se desincorpora y se embala por presentar fallas con autorizacion 24/03/2023/Impresora se encuentra en la torre nivel 3 16/05/2023
A47: Centro Occidental | B47: Barinas | C47: 9831 | D47: 9831MFGE01 | E47: Canon iR1025 | F47: DRL53999 | G47: 10.11.9.202 | I47: Equipo embalado presenta multiples fallas/Impresora se encuentra en la torre nivel 3 16/05/2023
A48: Metropolitana I | B48: Multiplazas El Paraiso | C48: 9264 | D48: 9264MFEN01 | E48: Canon iR1025 | F48: DRL64127 | G48: 10.11.23.203 | I48: Equipo sin uso, sin personal en el area/Se desincorpora y se embala la impresora por autorizacion 23/03/2023/Impresora se encuentra en la torre nivel 3 16/05/2023
A49: Oriente | B49: Barcelona | C49: 9560 | D49: 9560MFGE01 | E49: Canon iR1025 | F49: DRL64121 | G49: 10.10.90.203 | I49: Equipo embalado por autorización de Logística y soporte en sitio cont. 125971 15/10/2021/Impresora se encuentra en la torre nivel 3 23/05/2023
A50: Oriente | B50: Barcelona | C50: 9560 | D50: 9560MFAP01 | E50: Canon iR2525 | F50: FRU40804 | I50: Impresora con multiples fallas, en su momento se solicito reemplazo de la impresora/Se embala impresora por presentar Error E000000 no imprime el dia 25/10/2022/Impresora se encuentra en la torre nivel 3 23/05/2023
A51: Oriente | B51: Puerto La Cruz | C51: 9610 | D51: 9610MFGE01 | E51: Canon iR1025 | F51: DRL45557 | G51: 10.10.81.201 | I51: Se desincorpora y se embala el equipo con autorizacion de logistica y soporte en sitio el dia 15/03/2022/Impresora se encuentra en la torre nivel 3 23/05/2023
A52: Occidente | B52: Glorias Patrias | C52: 9836 | D52: 9836MFGE01 | E52: Canon iR1025 | F52: DRL37944 | G52: 10.14.9.200 | I52: Equipo con fallas de Drum/Se desincorpora y se embala con la autoriacion de soporte y logistica en sitio 29/03/2023/Impresora se encuentra en la torre en el nivel 3 23/05/2023
A53: Occidente | B53: La Concordia | C53: 9837 | D53: 9837MFGE01 | E53: Canon iR1025 | F53: DRL39406 | G53: 10.14.11.200 | I53: Apagada por presentar varias fallas/Se desincorpora y se embala con autorizacion el 28/03/2023/Impresora se encuentra en la torre en el nivel 3 23/05/2023
A54: Metropolitana II | B54: Country Club | C54: 9941 | D54: 9941MFAP01 | E54: Canon IR1025 | F54: DRL37950 | G54: 10.14.18.200 | I54: Cierre definitivo impresora embalada 19/10/2022
A55: Metropolitana II | B55: Plumrose - Los Ruices | C55: 9933 | D55: 9933MFAP01 | E55: Canon iR1025 | F55: DRL52602 | G55: 10.11.71.202 | I55: Cierre definitivo impresora embalada 19/10/2022
A56: Carabobo | B56: Lomas del Este | C56: 9420 | D56: 9420MFCO01 | E56: Canon iR2525 | F56: FRU40515 | G56: 10.10.100.210 | I56: Esta Impresora fue retirada por autorizacion de Logistica y Soporte en Sitio, con un contador de 65501, Pendiente por Retirar. Fecha 04-11-2016
A57: Metropolitana I | B57: Principal | C57: 9217 | D57: 9217MFGE01 | E57: Laserjet | F57: MXBC179GE8 | G57: 10.0.40.200 | I57: Impresora retirada por personal de mt2005
A58: Metropolitana I | B58: Principal | C58: 9217 | D58: 9217MFAP01 | E58: Canon iR2525 | F58: FRU38987 | G58: 10.0.40.203 | I58: Equipo desincorporada 08/12/2023/Equipo desincorporado, embalado y se encuentra en el nivel 3 26/01/2024
A59: Metropolitana I | B59: Principal | C59: 9217 | D59: 9217MFBV | E59: Canon iR1025 | F59: DRL54342 | G59: 10.0.40.253 | I59: Equipo ubicado en Centro de Procesamiento/Se procedio a reemplazar la ip antes tenia 10.0.40.253 y estaba en la metro I Principal el dia 19/02/2024
A62: Centro Occidental | B62: El Palmar | C62: 9374 | D62: 9374MFCO01 | E62: Canon iR1025 | F62: DRL64147 | G62: 10.10.110.200 | I62: Cierre definitivo impresora embalada 16/11/2023/Se encuentra en la torre nivel 3 16/11/2023
A63: Metropolitana II | B63: El Placer | C63: 9233 | D63: 9233MFAP01 | E63: Canon iR2525 | F63: FRU82382 | G63: 10.10.140.202 | I63: Se desincorpora y se embala por cierre definitivo 03/04/2023/ Se encuentra en el galpon de guarenas 5/9/2023
A64: Centro Occidental | B64: Av. Bolivar - Valencia | C64: 9471 | D64: 9471MFGE01 | E64: Canon iR1025 | F64: DRL39408 | G64: 10.11.73.201 | I64: Impresora con fallas de Drum y Fusor/Se desincorpora y se embala con autorizacion 29/03/2023/Se encuentra en el galpon guarenas 5/9/2023
... A70: Centro Occidental | B70: Barquisimeto Centro | C70: 9408 | D70: 9408MFGE01 | E70: Canon iR1025 | F70: DRL55643 | G70: 10.14.3.200 | I70: Equipo embalado por autorizacion de logistica y soporte en sitio/Se encuentra en el galpon guarenas 5/9/2023
A71: Centro Occidental | B71: Barquisimeto | C71: 9833 | D71: 9833MFOT01 | E71: Canon iR2525 | F71: FRU40690 | I71: Se desincorpora y se embala el equipo con autorizacion de logistica y soporte en sitio el dia 13/07/2022 por presentar multiples fallas Contador: 607775/Se encuentra en el galpon guarenas 5/9/2023
A72: Occidente | B72: Valera | C72: 9824 | D72: 9824MFGE01 | E72: Canon iR1025 | F72: DRL55647 | G72: 10.10.71.202 | I72: Equipo embalado por autorización de Logística y soporte en sitio 17/01/2020/Se encuentra en resguardo en el sotano 2 30/10/2023
A73: Oriente | B73: Puertos de Sucre | C73: 9599 | D73: 9599MFAP01 | E73: Canon iR1025 | F73: DRL64113 | G73: 10.10.0.200 | I73: Oficina cerrada temporalmente 06/04/2022/Se encuentra en el sotano 2 30/10/2023
A74: Metropolitana I | B74: La Yaguara | C74: 9297 | D74: 9297MFGE01 | E74: Canon iR1025 | F74: DRL54882 | G74: 10.10.68.200 | I74: Equipo con falla de Drum/Se desincorpora y se embala la impresora por no utilizarla con autorizacion de logistica y soporte en sitio el dia 11/03/2022/Se encuentra en el sotano 2 30/10/2023
A75: Oriente | B75: Las Garzas | C75: 9655 | D75: 9655MFGE01 | E75: Canon iR1025 | F75: DRL51801 | G75: 10.10.206.203 | I75: Impresora se embala con autorizacion de logistica y soporte en sitio ya que presentaba varias fallas 13/07/2022/Impresora se encuentra en el nivel 3 02/04/2024
A76: Oriente | B76: El Tigre | C76: 9540 | D76: 9540MFGE01 | E76: Canon iR1025 | F76: DRL54905 | G76: 10.10.252.202 | I76: Se desincorpora y se embala la impresora con autorizacion de logistica y soporte en sitio 30/03/2023/Impresora se encuentra en el nivel 3 02/04/2024
A77: Oriente | B77: San Felix | C77: 9650 | D77: 9650MFGE01 | E77: Canon iR1025 | F77: DRL64125 | G77: 10.11.26.201 | I77: Equipo con falla de Drum/Pendiente por desincorporar/Se desincorpora y se embala la impresora con autorizacion de logistica y soporte en sitio 03/04/2023/Impresora se encuentra en el nivel 3 02/04/2024
A78: Oriente | B78: Puerto Ordaz Oficina | C78: 9510 | D78: 9510MFGE02 | E78: Canon iR1025 | F78: DRL64207 | G78: 10.10.161.203 | I78: Equipo apagado por no haber linea en el area/Se desincorpora y se embala con autorizacion de logistica y soporte en sitio 29/03/2023/Impresora se encuentra en el nivel 3 02/04/2024
A79: Metropolitana II | B79: Altamira | C79: 9221 | D79: 9221MFEN01 | E79: Canon iR2525 | F79: FRU48553 | G79: 10.10.141.203 | I79: Se desincorpora y se embala por poco uso con autorizacion 28/03/2023/Impresora se encuentra en la torre nivel 3 10/05/2024
A80: Metropolitana I | B80: Los Teques | C80: 9292 | D80: 9292MFGE01 | E80: Canon iR2525 | F80: FRU47895 | G80: 10.10.34.201 | I80: Se desincorpora y se embala con autorizacion de logistica y soporte en sitio 23/11/2023/Impresora se encuentra en la torre nivel 3 10/05/2024
A81: Metropolitana II | B81: C.C.C.T. II | C81: 9441 | D81: 9441MFAP01 | E81: Canon iR2525 | F81: FRU46143 | G81: 10.10.84.200 | I81: Se desincorpora y se embala la impresora con autorizacion de soporte y logistica en sitio el dia 26/10/2023/Impresora se encuentra en la torre nivel 3 10/05/2024
A82: Metropolitana II | B82: Chuao | C82: 9271 | D82: 9271MFGE01 | E82: Canon iR2525 | F82: FRU40704 | G82: 10.10.211.200 | I82: Se desincorpora y se embala la impresora con autorizacion 27/03/2023/Impresora se encuentra en la torre nivel 3 10/05/2024
A83: Metropolitana II | B83: Chuao | C83: 9271 | D83: 9271MFBP02 | E83: Canon iR1025 | F83: DRL61533 | G83: 10.10.211.209 | I83: Se desincorpora esta impresora por presentar poco uso pero se encuentra operativa y se encuentra en resguardo en el piso 11 17/11/2022/Se instala y se reemplaza en la agencia por la Canon IR1025 DRL43584 por presenta la base y soporte de la puerta lateral partidos 14/03/2023/Se embalo el 23/08/2023 por Joseph Torrealba/Impresora se encuentra en la torre nivel 3 10/05/2024
A84: Metropolitana II | B84: Chuao | C84: 9271 | D84: 9271MFBP01 | E84: Canon iR1025 | F84: DRL52044 | G84: 10.10.211.215 | I84: Se embalo el 23/08/2023 por Joseph Torrealba/Impresora se encuentra en la torre nivel 3 10/05/2024
A85: Metropolitana II | B85: Concresa | C85: 9231 | D85: 9231MFGE01 | E85: Canon iR2525 | F85: FRU48559 | G85: 10.14.93.204 | I85: Se desincorpora y se embala con autorizacion de logistica y soporte en sitio 29/03/2023/Impresora se encuentra en la torre nivel 3 10/05/2024
A86: Metropolitana II | B86: La Urbina | C86: 9284 | D86: 9284MFGE01 | E86: Canon iR2525 | F86: FRU46116 | G86: 10.10.197.203 | I86: Activa sin impresiones/Se desincoporra y se embala con autorizacion de logistica y soporte en sitio el dia 25/10/2023/Impresora se encuentra en resguardo en nivel 3 12/07/2024
A87: Metropolitana II | B87: Guarenas | C87: 9291 | D87: 9291MFEN01 | E87: Canon iR2525 | F87: FRU40791 | G87: 10.10.168.202 | I87: Se desincorpora y se embala con autorizacion 24/03/2023/Impresora se encuentra en resguardo en nivel 3 12/07/2024
A88: Metropolitana II | B88: Guarenas | C88: 9291 | D88: Guarenas | E88: Canon iR1025 | F88: DRL37792 | G88: 10.10.168.204 | I88: Equipo instalado Agencia Guarenas para uso de personal del Galpon \ Equipo embalado/Equipo se encuentra en la torre nivel 3 12/09/2024
... A98: Metropolitana I | B98: Principal | C98: 9217 | D98: 9217MFBO01 | E98: Canon iR1025 | F98: DRL64102 | G98: 10.0.40.230 | I98: Activa sin impresiones Servicio y Custodia de Valores/Se encuentra en la torre
A99: Metropolitana II | B99: El Rosal | C99: 9224 | D99: 9224MFAP01 | E99: Canon iR1025 | F99: DRL37989 | I99: Se procede a desinstalar ya que presenta deficiencia en las impresiones y copias salen claras 19/07/2024 y se instala la 1025 S/N DRL38005/Se encuentra en la torre
A100: Metropolitana II | B100: Los Palos Grandes | C100: 9229 | D100: 9229MFAP01 | E100: Canon iR2525 | F100: FRU46133 | G100: 10.10.31.210 | I100: Retirado y entregado en sede principal 1-2-2025 se encuentra en la torre
A101: Metropolitana II | B101: La Trinidad | C101: 9228 | D101: 9228MFAP01 | E101: Delcop | F101: LSH7327000 | G101: 10.14.8.201 | I101: Se coloca en el area de apertura con autorizacion de logistica y soporte en sitio 15/07/2024/Se procedio a retirar de la agencia
A102: Centro Occidental | B102: Zaraza | C102: 9389 | D102: 9389MFAP01 | E102: Canon iR2525 | F102: FRU46159 | G102: 10.14.71.210 | I102: Oficina cerrada temporalmente/Impresora se encuentra en el nivel 3 14/03/2025
A103: Oriente | B103: Ciudad Bolívar | C103: 9520 | D103: 9520MFAP01 | E103: Canon iR2525 | F103: FRU40651 | G103: 10.11.30.204 | I103: Se desincorpora y se embala por tener poco uso con autorizacion de logistica y soporte en sitio 08/01/2024/Impresora se encuentra en la torre nivel 3 17/03/2025
A104: Centro Occidental | B104: Maracay | C104: 9310 | D104: 9310MFHP01 | E104: Canon iR2525 | F104: FRU47930 | G104: 10.10.244.204 | I104: Impresora con fallas la utilizan solo para scanear/Apagada no se encuentra personal en el area
A106: Centro Occidental | B106: Maracay | C106: 9310 | D106: 9310MFCO01 | E106: Canon iR1025 | F106: DRL52635 | G106: 10.10.244.200 | I106: Impresora con fallas de Drum/Impresora con fallas la utilizan solo para scanear
A107: Centro Occidental | B107: CM Dr Rafael Guerra Mendez | C107: 9484 | D107: 9484MFAP01 | E107: Canon iR2525 | F107: FRU40513 | G107: 10.14.68.200 | I107: Cierre definitivo/Impresora Nivel 3 09/04/2025
A108: Centro Occidental | B108: CM Dr Rafael Guerra Mendez | C108: 9484 | D108: 9484MFCO01 | E108: Canon iR1025 | F108: DRL39202 | G108: 10.14.68.201 | I108: Cierre definitivo/Impresora Nivel 3 09/04/2025
A109: Centro Occidental | B109: Protinal | C109: 9417 | D109: 9417MFAP01 | E109: Canon iR1025 | F109: DRL39405 | G109: 10.10.113.200 | I109: Cierre definitivo/Impresora Nivel 3 09/04/2025
A110: Centro Occidental | B110: Cervecería Regional | C110: 9399 | D110: 9399MFAP01 | E110: Canon iR1025 | F110: DRL54001 | G110: 10.11.100.200 | I110: Cierre definitivo impresora embalada/Impresora Nivel 3 09/04/2025 | J110: Cierre definitivo
A111: Metropolitana I | B111: San Martin | C111: 9253 | D111: 9253MFAP01 | E111: Canon iR2525 | F111: FRU47829 | G111: 10.11.18.202 | I111: Cierre definitivo /Impresora Nivel 3 29/04/2025
A112: Metropolitana I | B112: C.C. Galerias El Recreo | C112: 9955 | D112: 9955MFAP01 | E112: Canon iR2525 | F112: FRU38959 | G112: 10.10.167.200 | I112: Cierre Definitivo/Impresora Nivel 3 29/04/2025 | J112: Cierre definitivo | K112: =VLOOKUP(C112,'Status oficina'!$A$2:$C$208,3,FALSE) -> Cierre definitivo
A113: Metropolitana I | B113: Los Chaguaramos | C113: 9304 | D113: 9304MFAP01 | E113: Canon iR1025 | F113: DRL37795 | G113: 10.14.69.201 | I113: Cierre Definitivo/
A114: Metropolitana I | B114: La Casona | C114: 9246 | D114: 9246MFGE01 | E114: Canon iR1025 | F114: DRL43567 | G114: 10.10.233.200 | I114: Se encuentra en el nivel 3 9/7/2025
A115: Metropolitana I | B115: Cua | C115: 9298 | D115: 9298MFAP01 | E115: Canon iR2525 | F115: FRU46112 | G115: 10.10.139.201 | I115: Se encuentra en el nivel 3 14/8/2025
A116: Metropolitana I | B116: Cua | C116: 9298 | D116: 9298MFEN01 | E116: Canon iR1025 | F116: DRL43587 | G116: 10.10.139.200 | I116: Se encuentra en el nivel 3 14/8/2025
A117: Centro Occidental | B117: Acarigua | C117: 9845 | D117: 9845MFGE01 | E117: Canon iR1025 | F117: DRL45551 | G117: 10.11.12.201 | I117: Se encuentra en el nivel 3 21/7/2025
A118: Metropolitana II | B118: Chuao | C118: 9271 | D118: 9271MFOT02 | E118: Canon iR2525 | F118: FRU46106 | G118: 10.10.211.212 | I118: Se encuentra en el nivel 3 21/7/2025
A119: Occidente | B119: San Cristobal | C119: 9821 | D119: 9821MFGE01 | E119: Canon iR1025 | F119: DRL64098 | G119: 10.10.88.201 | I119: Se encuentra en el nivel 3 21/7/2025
A120: Metropolitana II | B120: Los Palos Grandes | C120: 9229 | D120: 9229MFGE01 | E120: Canon iR2525 | F120: FRU47920 | G120: 10.10.31.203 | I120: Se encuentra en el nivel 3 21/7/2025
A121: Oriente | B121: Punta De Mata - Maturin | C121: 9647 | D121: 9647MFGE01 | E121: Canon iR1025 | F121: DRL64171 | G121: 10.11.37.200 | I121: Se encuentra en el nivel 3 21/7/2025
...
